"Path","Slice Name","Alias(s)","Label","Min","Max","Must Support?","Is Modifier?","Is Summary?","Type(s)","Short","Definition","Comments","Requirements","Default Value","Meaning When Missing","Fixed Value","Pattern","Example","Minimum Value","Maximum Value","Maximum Length","Binding Strength","Binding Description","Binding Value Set","Code","Slicing Discriminator","Slicing Description","Slicing Ordered","Slicing Rules","Base Path","Base Min","Base Max","Condition(s)","Constraint(s)","Mapping: HL7 v2 Mapping","Mapping: RIM Mapping","Mapping: ServD","Mapping: vCard Mapping"
"Address","","","",0,*,"Y","","","","Dados de Endereçamento","Dados do(s) endereço(s) onde o sujeito do endereço pode ser localizado.","Note: address is intended to describe postal addresses for administrative purposes, not to describe absolute geographical coordinates.  Postal addresses are often used as proxies for physical locations (also see the [Location](http://hl7.org/fhir/R4/location.html#) resource).","","","","","","","","",,,,,"",,,,"Address",0,*,"ele-1
","ele-1:All FHIR elements must have a @value or children {hasValue() or (children().count() > id.count())}
","XAD","n/a","AD","Address"
"Address.id","","","",0,1,"","","","string {[]} {[]}
","Unique id for inter-element referencing","Unique id for the element within a resource (for internal references). This may be any string value that does not contain spaces.","","","","","","","","","",,,,,"",,,,"Element.id",0,1,"","","n/a"
"Address.extension","","extensions
user content","",0,*,"","","","Extension {[]} {[]}
","Additional content defined by implementations","May be used to represent additional information that is not part of the basic definition of the element. To make the use of extensions safe and manageable, there is a strict set of governance  applied to the definition and use of extensions. Though any implementer can define an extension, there is a set of requirements that SHALL be met as part of the definition of the extension.","There can be no stigma associated with the use of extensions by any application, project, or standard - regardless of the institution or jurisdiction that uses or defines the extensions.  The use of extensions is what allows the FHIR specification to retain a core level of simplicity for everyone.","","","","","","","","",,,,,"","value:url}
","Extensions are always sliced by (at least) url",,"open","Element.extension",0,*,"","ele-1:All FHIR elements must have a @value or children {hasValue() or (children().count() > id.count())}
ext-1:Must have either extensions or value[x], not both {extension.exists() != value.exists()}","n/a"
"Address.use","","","",0,1,"Y","Y","Y","code {[]} {[]}
","Uso do Endereço","home: endereço residencial atual.
work: endereço comercial ou de trabalho atual.
temp: endereço temporário, como um hotel, a casa de amigos ou familiares, uma instalação/edificação provisória, etc.
old: endereço anterior.","Applications can assume that an address is current unless it explicitly says that it is temporary or old.","Allows an appropriate address to be chosen from a list of many.","","","","","<valueCode xmlns=""http://hl7.org/fhir"" value=""home""/>","","",,"required","The use of an address.","http://hl7.org/fhir/ValueSet/address-use|4.0.1","",,,,"Address.use",0,1,"","ele-1:All FHIR elements must have a @value or children {hasValue() or (children().count() > id.count())}
","XAD.7","unique(./use)","./AddressPurpose"
"Address.type","","","",0,1,"Y","","Y","code {[]} {[]}
","Tipo de Endereço","physical: um endereço físico de um edificação ou espaço geográfico real, como de uma casa, prédio, loja, galpão, lote, etc.
postal: um endereço virtual, como de uma Caixa Postal ou serviço de logística de mercadorias, p.ex.","The definition of Address states that ""address is intended to describe postal addresses, not physical locations"". However, many applications track whether an address has a dual purpose of being a location that can be visited as well as being a valid delivery destination, and Postal addresses are often used as proxies for physical locations (also see the [Location](http://hl7.org/fhir/R4/location.html#) resource).","","","","","","<valueCode xmlns=""http://hl7.org/fhir"" value=""both""/>","","",,"required","The type of an address (physical / postal).","http://hl7.org/fhir/ValueSet/address-type|4.0.1","",,,,"Address.type",0,1,"","ele-1:All FHIR elements must have a @value or children {hasValue() or (children().count() > id.count())}
","XAD.18","unique(./use)","address type parameter"
"Address.text","","","",0,0,"","","Y","string {[]} {[]}
","Text representation of the address","Specifies the entire address as it should be displayed e.g. on a postal label. This may be provided instead of or as well as the specific parts.","Can provide both a text representation and parts. Applications updating an address SHALL ensure that  when both text and parts are present,  no content is included in the text that isn't found in a part.","A renderable, unencoded form.","","","","","<valueString xmlns=""http://hl7.org/fhir"" value=""137 Nowhere Street, Erewhon 9132""/>","","",,,,,"",,,,"Address.text",0,1,"","ele-1:All FHIR elements must have a @value or children {hasValue() or (children().count() > id.count())}
","XAD.1 + XAD.2 + XAD.3 + XAD.4 + XAD.5 + XAD.6","./formatted","address label parameter"
"Address.line","","","",1,*,"Y","","Y","string {[]} {[]}
","Endereço","This component contains the house number, apartment number, street name, street direction,  P.O. Box number, delivery hints, and similar address information.","","","","","","","<valueString xmlns=""http://hl7.org/fhir"" value=""137 Nowhere Street""/>","","",,,,,"","value:extension.url}
","",,"open","Address.line",0,*,"","ele-1:All FHIR elements must have a @value or children {hasValue() or (children().count() > id.count())}
","XAD.1 + XAD.2 (note: XAD.1 and XAD.2 have different meanings for a company address than for a person address)","AD.part[parttype = AL]","./StreetAddress (newline delimitted)","street"
"Address.line","streetType","","",0,*,"","","Y","string {[]} {[]}
","Tipo de Logradouro","Tipo de logradouro do endereço.","","","","","","","<valueString xmlns=""http://hl7.org/fhir"" value=""137 Nowhere Street""/>","","",,,,,"",,,,"Address.line",0,*,"","ele-1:All FHIR elements must have a @value or children {hasValue() or (children().count() > id.count())}
","XAD.1 + XAD.2 (note: XAD.1 and XAD.2 have different meanings for a company address than for a person address)","AD.part[parttype = AL]","./StreetAddress (newline delimitted)","street"
"Address.line.id","","","",0,1,"","","","string {[]} {[]}
","xml:id (or equivalent in JSON)","unique id for the element within a resource (for internal references)","","","","","","","","","",,,,,"",,,,"Element.id",0,1,"",""
"Address.line.extension","","","",0,*,"","","","Extension {[]} {[]}
","Extension","An Extension","","","","","","","","","",,,,,"","value:url}
","",,"open","Element.extension",0,*,"","ele-1:All FHIR elements must have a @value or children {hasValue() or (children().count() > id.count())}
ext-1:Must have either extensions or value[x], not both {extension.exists() != value.exists()}"
"Address.line.extension","streetType","","",0,*,"","","","Extension {[CanonicalType[http://hl7.org/fhir/StructureDefinition/iso21090-ADXP-streetNameType]]} {[]}
","streetNameType","The designation given to the street. (e.g. Street, Avenue, Crescent, etc.).","","","","","","","","","",,,,,"",,,,"Element.extension",0,*,"ele-1
","ele-1:All FHIR elements must have a @value or children {hasValue() or (children().count() > id.count())}
ext-1:Must have either extensions or value[x], not both {extension.exists() != value.exists()}","ADXP[partType=STTYP]"
"Address.line.extension.id","","","",0,1,"","","","string {[]} {[]}
","Unique id for inter-element referencing","Unique id for the element within a resource (for internal references). This may be any string value that does not contain spaces.","","","","","","","","","",,,,,"",,,,"Element.id",0,1,"","","n/a"
"Address.line.extension.extension","","","",0,0,"","","","Extension {[]} {[]}
","Extension","An Extension","","","","","","","","","",,,,,"","value:url}
","Extensions are always sliced by (at least) url",,"open","Element.extension",0,*,"","ele-1:All FHIR elements must have a @value or children {hasValue() or (children().count() > id.count())}
ext-1:Must have either extensions or value[x], not both {extension.exists() != value.exists()}"
"Address.line.extension.url","","","",1,1,"","","","uri {[]} {[]}
","identifies the meaning of the extension","Source of the definition for the extension code - a logical name or a URL.","The definition may point directly to a computable or human-readable definition of the extensibility codes, or it may be a logical URI as declared in some other specification. The definition SHALL be a URI for the Structure Definition defining the extension.","","","","<valueUri xmlns=""http://hl7.org/fhir"" value=""http://hl7.org/fhir/StructureDefinition/iso21090-ADXP-streetNameType""/>","","","","",,,,,"",,,,"Extension.url",1,1,"","","N/A"
"Address.line.extension.value[x]","valueString","","",1,1,"","","","string {[]} {[]}
","Value of extension","Value of extension - must be one of a constrained set of the data types (see [Extensibility](http://hl7.org/fhir/extensibility.html) for a list).","","","","","","","","","",,"required","","http://www.saude.gov.br/fhir/r4/ValueSet/BRTipoLogradouro-1.0","",,,,"Extension.value[x]",0,1,"","ele-1:All FHIR elements must have a @value or children {hasValue() or (children().count() > id.count())}
","N/A"
"Address.line.value","","","",0,1,"","","","string {[]} {[]}
","Primitive value for string","The actual value","","","","","","","","","",1048576,,,,"",,,,"string.value",0,1,"",""
"Address.line","street","","",1,1,"","","Y","string {[]} {[]}
","Logradouro","Logradouro do endereço (ex.: Visconde do Rio Branco, das Laranjeiras, QRSW 8 Bloco A-1) . Quando não for possível utilizar o elemento streetType, incluir textualmente no início do nome do logradouro o tipo de logradouro abreviado (ex.: R. Visconde do Rio Branco, Av. das Laranjeiras, Quadra QRSW 8 Bloco A-1).","","","","","","","<valueString xmlns=""http://hl7.org/fhir"" value=""137 Nowhere Street""/>","","",,,,,"",,,,"Address.line",0,*,"","ele-1:All FHIR elements must have a @value or children {hasValue() or (children().count() > id.count())}
","XAD.1 + XAD.2 (note: XAD.1 and XAD.2 have different meanings for a company address than for a person address)","AD.part[parttype = AL]","./StreetAddress (newline delimitted)","street"
"Address.line.id","","","",0,1,"","","","string {[]} {[]}
","xml:id (or equivalent in JSON)","unique id for the element within a resource (for internal references)","","","","","","","","","",,,,,"",,,,"Element.id",0,1,"",""
"Address.line.extension","","","",0,*,"","","","Extension {[]} {[]}
","Extension","An Extension","","","","","","","","","",,,,,"","value:url}
","",,"open","Element.extension",0,*,"","ele-1:All FHIR elements must have a @value or children {hasValue() or (children().count() > id.count())}
ext-1:Must have either extensions or value[x], not both {extension.exists() != value.exists()}"
"Address.line.extension","street","","",0,*,"","","","Extension {[CanonicalType[http://hl7.org/fhir/StructureDefinition/iso21090-ADXP-streetName]]} {[]}
","streetName","streetName.","","","","","","","","","",,,,,"",,,,"Element.extension",0,*,"ele-1
","ele-1:All FHIR elements must have a @value or children {hasValue() or (children().count() > id.count())}
ext-1:Must have either extensions or value[x], not both {extension.exists() != value.exists()}","ADXP[partType=STR]"
"Address.line.value","","","",0,1,"","","","string {[]} {[]}
","Primitive value for string","The actual value","","","","","","","","","",1048576,,,,"",,,,"string.value",0,1,"",""
"Address.line","number","","",1,1,"","","Y","string {[]} {[]}
","Número","Número do endereço.","","","","","","","<valueString xmlns=""http://hl7.org/fhir"" value=""137 Nowhere Street""/>","","",,,,,"",,,,"Address.line",0,*,"","ele-1:All FHIR elements must have a @value or children {hasValue() or (children().count() > id.count())}
","XAD.1 + XAD.2 (note: XAD.1 and XAD.2 have different meanings for a company address than for a person address)","AD.part[parttype = AL]","./StreetAddress (newline delimitted)","street"
"Address.line.id","","","",0,1,"","","","string {[]} {[]}
","xml:id (or equivalent in JSON)","unique id for the element within a resource (for internal references)","","","","","","","","","",,,,,"",,,,"Element.id",0,1,"",""
"Address.line.extension","","","",0,*,"","","","Extension {[]} {[]}
","Extension","An Extension","","","","","","","","","",,,,,"","value:url}
","",,"open","Element.extension",0,*,"","ele-1:All FHIR elements must have a @value or children {hasValue() or (children().count() > id.count())}
ext-1:Must have either extensions or value[x], not both {extension.exists() != value.exists()}"
"Address.line.extension","number","","",0,*,"","","","Extension {[CanonicalType[http://hl7.org/fhir/StructureDefinition/iso21090-ADXP-houseNumber]]} {[]}
","houseNumber","The number of a building, house or lot alongside the street. Also known as ""primary street number"". This does not number the street but rather the building.","","","","","","","","","",,,,,"",,,,"Element.extension",0,*,"ele-1
","ele-1:All FHIR elements must have a @value or children {hasValue() or (children().count() > id.count())}
ext-1:Must have either extensions or value[x], not both {extension.exists() != value.exists()}","ADXP[partType=BNR]"
"Address.line.value","","","",0,1,"","","","string {[]} {[]}
","Primitive value for string","The actual value","","","","","","","","","",1048576,,,,"",,,,"string.value",0,1,"",""
"Address.line","complement","","",0,*,"","","Y","string {[]} {[]}
","Complemento","Complemento do endereço, como o nome do edifício, bloco, número do apartamento, número da sala etc.","","","","","","","<valueString xmlns=""http://hl7.org/fhir"" value=""137 Nowhere Street""/>","","",,,,,"",,,,"Address.line",0,*,"","ele-1:All FHIR elements must have a @value or children {hasValue() or (children().count() > id.count())}
","XAD.1 + XAD.2 (note: XAD.1 and XAD.2 have different meanings for a company address than for a person address)","AD.part[parttype = AL]","./StreetAddress (newline delimitted)","street"
"Address.line.id","","","",0,1,"","","","string {[]} {[]}
","xml:id (or equivalent in JSON)","unique id for the element within a resource (for internal references)","","","","","","","","","",,,,,"",,,,"Element.id",0,1,"",""
"Address.line.extension","","","",0,*,"","","","Extension {[]} {[]}
","Extension","An Extension","","","","","","","","","",,,,,"","value:url}
","",,"open","Element.extension",0,*,"","ele-1:All FHIR elements must have a @value or children {hasValue() or (children().count() > id.count())}
ext-1:Must have either extensions or value[x], not both {extension.exists() != value.exists()}"
"Address.line.extension","complement","","",0,*,"","","","Extension {[CanonicalType[http://hl7.org/fhir/StructureDefinition/iso21090-ADXP-additionalLocator]]} {[]}
","additionalLocator","This can be a unit designator, such as apartment number, suite number, or floor. There may be several unit designators in an address (e.g., ""3rd floor, Appt. 342""). This can also be a designator pointing away from the location, rather than specifying a smaller location within some larger one (e.g., Dutch ""t.o."" means ""opposite to"" for house boats located across the street facing houses).","","","","","","","","","",,,,,"",,,,"Element.extension",0,*,"ele-1
","ele-1:All FHIR elements must have a @value or children {hasValue() or (children().count() > id.count())}
ext-1:Must have either extensions or value[x], not both {extension.exists() != value.exists()}","ADXP[partType=ADL]"
"Address.line.value","","","",0,1,"","","","string {[]} {[]}
","Primitive value for string","The actual value","","","","","","","","","",1048576,,,,"",,,,"string.value",0,1,"",""
"Address.line","neighborhood","","",1,1,"","","Y","string {[]} {[]}
","Bairro","Bairro do endereço.","","","","","","","<valueString xmlns=""http://hl7.org/fhir"" value=""137 Nowhere Street""/>","","",,,,,"",,,,"Address.line",0,*,"","ele-1:All FHIR elements must have a @value or children {hasValue() or (children().count() > id.count())}
","XAD.1 + XAD.2 (note: XAD.1 and XAD.2 have different meanings for a company address than for a person address)","AD.part[parttype = AL]","./StreetAddress (newline delimitted)","street"
"Address.line.id","","","",0,1,"","","","string {[]} {[]}
","xml:id (or equivalent in JSON)","unique id for the element within a resource (for internal references)","","","","","","","","","",,,,,"",,,,"Element.id",0,1,"",""
"Address.line.extension","","","",0,*,"","","","Extension {[]} {[]}
","Extension","An Extension","","","","","","","","","",,,,,"","value:url}
","",,"open","Element.extension",0,*,"","ele-1:All FHIR elements must have a @value or children {hasValue() or (children().count() > id.count())}
ext-1:Must have either extensions or value[x], not both {extension.exists() != value.exists()}"
"Address.line.extension","neighborhood","","",0,*,"","","","Extension {[CanonicalType[http://www.saude.gov.br/fhir/r4/StructureDefinition/BRBairro-1.0]]} {[]}
","Nome do bairro","Nome do bairro.","","","","","","","","","",,,,,"",,,,"Element.extension",0,*,"ele-1
","ele-1:All FHIR elements must have a @value or children {hasValue() or (children().count() > id.count())}
ext-1:Must have either extensions or value[x], not both {extension.exists() != value.exists()}"
"Address.line.value","","","",0,1,"","","","string {[]} {[]}
","Primitive value for string","The actual value","","","","","","","","","",1048576,,,,"",,,,"string.value",0,1,"",""
"Address.city","","Municpality
","",1,1,"","","Y","string {[]} {[]}
","Município","Município do endereço.","","","","","","","<valueString xmlns=""http://hl7.org/fhir"" value=""Erewhon""/>","","",,,,,"",,,,"Address.city",0,1,"","ele-1:All FHIR elements must have a @value or children {hasValue() or (children().count() > id.count())}
","XAD.3","AD.part[parttype = CTY]","./Jurisdiction","locality"
"Address.district","","County
","",0,0,"","","Y","string {[]} {[]}
","District name (aka county)","The name of the administrative area (county).","District is sometimes known as county, but in some regions 'county' is used in place of city (municipality), so county name should be conveyed in city instead.","","","","","","<valueString xmlns=""http://hl7.org/fhir"" value=""Madison""/>","","",,,,,"",,,,"Address.district",0,1,"","ele-1:All FHIR elements must have a @value or children {hasValue() or (children().count() > id.count())}
","XAD.9","AD.part[parttype = CNT | CPA]"
"Address.state","","Province
Territory","",1,1,"Y","","Y","string {[]} {[]}
","UF","Unidade Federativa (estados ou Distrito Federal) do endereço.","","","","","","","","","",,,,,"",,,,"Address.state",0,1,"","ele-1:All FHIR elements must have a @value or children {hasValue() or (children().count() > id.count())}
","XAD.4","AD.part[parttype = STA]","./Region","region"
"Address.postalCode","","Zip
","",1,1,"Y","","Y","string {[]} {[]}
","CEP","Código de Endereçamento Postal. Utilizar a máscara XXXXX-XXXX.","","","","","","","<valueString xmlns=""http://hl7.org/fhir"" value=""9132""/>","","",,,,,"",,,,"Address.postalCode",0,1,"","ele-1:All FHIR elements must have a @value or children {hasValue() or (children().count() > id.count())}
","XAD.5","AD.part[parttype = ZIP]","./PostalIdentificationCode","code"
"Address.country","","","",0,0,"","","Y","string {[]} {[]}
","Country (e.g. can be ISO 3166 2 or 3 letter code)","Country - a nation as commonly understood or generally accepted.","ISO 3166 3 letter codes can be used in place of a human readable country name.","","","","","","","","",,,,,"",,,,"Address.country",0,1,"","ele-1:All FHIR elements must have a @value or children {hasValue() or (children().count() > id.count())}
","XAD.6","AD.part[parttype = CNT]","./Country","country"
"Address.period","","","",0,1,"Y","","Y","Period {[]} {[]}
","Período do Endereço","Período em que o endereço foi utilizado.","","Allows addresses to be placed in historical context.","","","","","<valuePeriod xmlns=""http://hl7.org/fhir"">
  <start value=""2010-03-23""/>
  <end value=""2010-07-01""/>
</valuePeriod>","","",,,,,"",,,,"Address.period",0,1,"","ele-1:All FHIR elements must have a @value or children {hasValue() or (children().count() > id.count())}
","XAD.12 / XAD.13 + XAD.14","./usablePeriod[type=""IVL<TS>""]","./StartDate and ./EndDate"
"Address.period.id","","","",0,1,"","","","string {[]} {[]}
","Unique id for inter-element referencing","Unique id for the element within a resource (for internal references). This may be any string value that does not contain spaces.","","","","","","","","","",,,,,"",,,,"Element.id",0,1,"","","n/a"
"Address.period.extension","","extensions
user content","",0,*,"","","","Extension {[]} {[]}
","Additional content defined by implementations","May be used to represent additional information that is not part of the basic definition of the element. To make the use of extensions safe and manageable, there is a strict set of governance  applied to the definition and use of extensions. Though any implementer can define an extension, there is a set of requirements that SHALL be met as part of the definition of the extension.","There can be no stigma associated with the use of extensions by any application, project, or standard - regardless of the institution or jurisdiction that uses or defines the extensions.  The use of extensions is what allows the FHIR specification to retain a core level of simplicity for everyone.","","","","","","","","",,,,,"","value:url}
","Extensions are always sliced by (at least) url",,"open","Element.extension",0,*,"","ele-1:All FHIR elements must have a @value or children {hasValue() or (children().count() > id.count())}
ext-1:Must have either extensions or value[x], not both {extension.exists() != value.exists()}","n/a"
"Address.period.start","","","",0,1,"Y","","Y","dateTime {[]} {[]}
","Data de Inicio do Endereço","Data em que o endereço foi cadastrado ou começou a ser utilizado.","If the low element is missing, the meaning is that the low boundary is not known.","","","","","","","","",,,,,"",,,,"Period.start",0,1,"per-1
","ele-1:All FHIR elements must have a @value or children {hasValue() or (children().count() > id.count())}
","DR.1","./low"
"Address.period.end","","","",0,1,"Y","","Y","dateTime {[]} {[]}
","Data de Término do Endereço","Data em que o endereço foi desativado ou parou de ser utilizado.","The high value includes any matching date/time. i.e. 2012-02-03T10:00:00 is in a period that has an end value of 2012-02-03.","","","If the end of the period is missing, it means that the period is ongoing","","","","","",,,,,"",,,,"Period.end",0,1,"per-1
","ele-1:All FHIR elements must have a @value or children {hasValue() or (children().count() > id.count())}
","DR.2","./high"
