<?xml version="1.0" encoding="UTF-8"?>

<CodeSystem xmlns="http://hl7.org/fhir">
  <id value="BRFabricantePNI"/>
  <meta>
    <lastUpdated value="2021-07-30T09:04:43.000-03:00"/>
  </meta>
  <language value="pt"/>
  <text>
    <status value="generated"/><div xmlns="http://www.w3.org/1999/xhtml" xml:lang="pt" lang="pt"><p>This code system http://www.saude.gov.br/fhir/r4/CodeSystem/BRFabricantePNI defines the following codes:</p><table class="codes"><tr><td style="white-space:nowrap"><b>Code</b></td><td><b>Display</b></td><td><b>Definition</b></td></tr><tr><td style="white-space:nowrap">141<a name="BRFabricantePNI-141"> </a></td><td>IVB</td><td>INSTITUTO VITAL BRAZIL S.A</td></tr><tr><td style="white-space:nowrap">142<a name="BRFabricantePNI-142"> </a></td><td>PFIZER</td><td>LABORATORIOS PFIZER LTDA</td></tr><tr><td style="white-space:nowrap">149<a name="BRFabricantePNI-149"> </a></td><td>FIOCRUZ</td><td>FUNDACAO OSWALDO CRUZ</td></tr><tr><td style="white-space:nowrap">150<a name="BRFabricantePNI-150"> </a></td><td>FUNED</td><td>FUNDACAO EZEQUIEL DIAS</td></tr><tr><td style="white-space:nowrap">151<a name="BRFabricantePNI-151"> </a></td><td>F.A.P.</td><td>FUNDACAO ATAULPHO DE PAIVA</td></tr><tr><td style="white-space:nowrap">152<a name="BRFabricantePNI-152"> </a></td><td>BUTANTAN</td><td>FUNDACAO BUTANTAN</td></tr><tr><td style="white-space:nowrap">153<a name="BRFabricantePNI-153"> </a></td><td>TECPAR</td><td>INSTITUTO DE TECNOLOGIA DO PARANA</td></tr><tr><td style="white-space:nowrap">156<a name="BRFabricantePNI-156"> </a></td><td>DADO B.</td><td>DADE BEHRING MARBUG GMBH</td></tr><tr><td style="white-space:nowrap">159<a name="BRFabricantePNI-159"> </a></td><td>SMITHKLINE</td><td>GLAXOSMITHKLINE BEECHAM</td></tr><tr><td style="white-space:nowrap">160<a name="BRFabricantePNI-160"> </a></td><td>GREENCROSS</td><td>GREEN CROSS - PHARMACEUTICAL B. M. CORP.</td></tr><tr><td style="white-space:nowrap">161<a name="BRFabricantePNI-161"> </a></td><td>AVENTIS</td><td>AVENTIS PASTEUR S.A.</td></tr><tr><td style="white-space:nowrap">162<a name="BRFabricantePNI-162"> </a></td><td>CHIRON SPA</td><td>NOVARTIS/CHIRON S.P.A. VACCINES</td></tr><tr><td style="white-space:nowrap">163<a name="BRFabricantePNI-163"> </a></td><td>SERUM-INDIA</td><td>SERUM INSTITUTE OF INDIA LTD.</td></tr><tr><td style="white-space:nowrap">164<a name="BRFabricantePNI-164"> </a></td><td>LGCHEMICAL</td><td>LG CHEMICAL INVESTIMENT LTD</td></tr><tr><td style="white-space:nowrap">165<a name="BRFabricantePNI-165"> </a></td><td>MERCK</td><td>MERCK SHARP &amp; DOHME CO., INC.</td></tr><tr><td style="white-space:nowrap">166<a name="BRFabricantePNI-166"> </a></td><td>BIKEN</td><td>FUNDACAO INVEST. DE INFERM. MICROB. DA UNIVERSIDADE DE OSAKA</td></tr><tr><td style="white-space:nowrap">167<a name="BRFabricantePNI-167"> </a></td><td>SEVAC</td><td>SEVAC S.A.</td></tr><tr><td style="white-space:nowrap">168<a name="BRFabricantePNI-168"> </a></td><td>BERNE</td><td>SWISS SERUM AND VACCINES INSTITUTE BERNE</td></tr><tr><td style="white-space:nowrap">235<a name="BRFabricantePNI-235"> </a></td><td>INCQS</td><td>INSTITUTO NACIONAL DE CONTROLE DE QUALIDADE EM SAUDE</td></tr><tr><td style="white-space:nowrap">239<a name="BRFabricantePNI-239"> </a></td><td>BAYER</td><td>BAYER CORPORATION - BIOLOGICAL PRODUCTS</td></tr><tr><td style="white-space:nowrap">608<a name="BRFabricantePNI-608"> </a></td><td>BAXTER</td><td>BAXTER VACCINE AKTIENGESELLSCHAFT</td></tr><tr><td style="white-space:nowrap">1659<a name="BRFabricantePNI-1659"> </a></td><td>CYANAMID</td><td>AMERICAN CYANAMID COMPANY</td></tr><tr><td style="white-space:nowrap">1913<a name="BRFabricantePNI-1913"> </a></td><td>CPPI</td><td>CENTRO DE PRODUCAO E PESQUISA DE IMUNOBIOLOGICOS</td></tr><tr><td style="white-space:nowrap">2250<a name="BRFabricantePNI-2250"> </a></td><td>IIMUNO</td><td>INSTITUTE OF IMMUNOLOGY - CROACIA</td></tr><tr><td style="white-space:nowrap">2260<a name="BRFabricantePNI-2260"> </a></td><td>CSL</td><td>CSL BEHRING GMBH</td></tr><tr><td style="white-space:nowrap">2263<a name="BRFabricantePNI-2263"> </a></td><td>WYETH</td><td>WYETH PHARMACEUTICALS</td></tr><tr><td style="white-space:nowrap">2355<a name="BRFabricantePNI-2355"> </a></td><td>NOVARTIS</td><td>NOVARTIS PHARMA SERVICES INC.</td></tr><tr><td style="white-space:nowrap">2560<a name="BRFabricantePNI-2560"> </a></td><td>HEBER</td><td>HEBER BIOTEC</td></tr><tr><td style="white-space:nowrap">2769<a name="BRFabricantePNI-2769"> </a></td><td>BERNA</td><td>BERNA BIOTECH KOREA CORPORATION</td></tr><tr><td style="white-space:nowrap">2862<a name="BRFabricantePNI-2862"> </a></td><td>SANPASTEUR</td><td>SANOFI PASTEUR</td></tr><tr><td style="white-space:nowrap">2901<a name="BRFabricantePNI-2901"> </a></td><td>MERIAL</td><td>MERIAL MEXICO, SA BECV</td></tr><tr><td style="white-space:nowrap">3521<a name="BRFabricantePNI-3521"> </a></td><td>BIOVET</td><td>BIOVET</td></tr><tr><td style="white-space:nowrap">10534<a name="BRFabricantePNI-10534"> </a></td><td>CRUCELL</td><td>CRUCELL SWEDEN AB</td></tr><tr><td style="white-space:nowrap">11347<a name="BRFabricantePNI-11347"> </a></td><td>VIRBAC</td><td>VIRBAC S.A</td></tr><tr><td style="white-space:nowrap">12551<a name="BRFabricantePNI-12551"> </a></td><td>GRIFOLS</td><td>GRIFOLS BRASIL LTDA</td></tr><tr><td style="white-space:nowrap">12572<a name="BRFabricantePNI-12572"> </a></td><td>KEDRION</td><td>KEDRION BIOPHARMA</td></tr><tr><td style="white-space:nowrap">13219<a name="BRFabricantePNI-13219"> </a></td><td>BIOGENESIS</td><td>BIOGENESIS-BAGO S/A</td></tr><tr><td style="white-space:nowrap">13688<a name="BRFabricantePNI-13688"> </a></td><td>SHANTHA</td><td>SHANTHA BIOTECHNICS</td></tr><tr><td style="white-space:nowrap">16763<a name="BRFabricantePNI-16763"> </a></td><td>BIOFARMA</td><td>BIOFARMA</td></tr><tr><td style="white-space:nowrap">17934<a name="BRFabricantePNI-17934"> </a></td><td>BIOLOGICAL</td><td>BIOLOGICAL E. LIMITED</td></tr><tr><td style="white-space:nowrap">18189<a name="BRFabricantePNI-18189"> </a></td><td>INTERVAX</td><td>INTERVAX LTDA.</td></tr><tr><td style="white-space:nowrap">18190<a name="BRFabricantePNI-18190"> </a></td><td>BB-NCIPD</td><td>BB-NCIPD LTD.</td></tr><tr><td style="white-space:nowrap">22942<a name="BRFabricantePNI-22942"> </a></td><td>LGLIFE</td><td>LG LIFE SCIENCES LTDA</td></tr><tr><td style="white-space:nowrap">26313<a name="BRFabricantePNI-26313"> </a></td><td>MERCK-GO</td><td>MERCK SHARP E DOHME FARMACEUTICA LTDA / GO</td></tr><tr><td style="white-space:nowrap">27816<a name="BRFabricantePNI-27816"> </a></td><td>EUBIOLOGI</td><td>EUBIOLOGICS CO., LTD.</td></tr><tr><td style="white-space:nowrap">27880<a name="BRFabricantePNI-27880"> </a></td><td>GSK-BRASIL</td><td>GLAXOSMITHKLINE BRASIL LTDA.</td></tr><tr><td style="white-space:nowrap">28211<a name="BRFabricantePNI-28211"> </a></td><td>KAMADA</td><td>KAMADA PHARMACEUTICAL</td></tr><tr><td style="white-space:nowrap">28251<a name="BRFabricantePNI-28251"> </a></td><td>SANMEDLEY</td><td>SANOFI MEDLEY FARMACEUTICA LTDA</td></tr><tr><td style="white-space:nowrap">28283<a name="BRFabricantePNI-28283"> </a></td><td>VINS</td><td>VINS BIOPRODUCTS LIMITED</td></tr><tr><td style="white-space:nowrap">28290<a name="BRFabricantePNI-28290"> </a></td><td>PFIZER-BELGICA</td><td>PFIZER MANUFACTURING BELGIUM NV - BELGIVA</td></tr><tr><td style="white-space:nowrap">28303<a name="BRFabricantePNI-28303"> </a></td><td>PANACEA</td><td>PANACEA BIOTEC LTD</td></tr><tr><td style="white-space:nowrap">28425<a name="BRFabricantePNI-28425"> </a></td><td>BIOGENESIS</td><td>BIOGENESIS BAGO SAUDE ANIMAL LTDA</td></tr><tr><td style="white-space:nowrap">28738<a name="BRFabricantePNI-28738"> </a></td><td>BOEHRINGER</td><td>BOEHRINGER INGELHEIM ANIMAL HEALTH</td></tr><tr><td style="white-space:nowrap">29501<a name="BRFabricantePNI-29501"> </a></td><td>SINOVAC</td><td>SINOVAC LIFE SCIENCE CO., LTD</td></tr><tr><td style="white-space:nowrap">29909<a name="BRFabricantePNI-29909"> </a></td><td>ASTRAZENECA</td><td>ASTRAZENECA AB</td></tr><tr><td style="white-space:nowrap">30357<a name="BRFabricantePNI-30357"> </a></td><td>EQUIPLEX</td><td>EQUIPLEX INDUSTRIA FARMACEUTICA LTDA</td></tr><tr><td style="white-space:nowrap">30587<a name="BRFabricantePNI-30587"> </a></td><td>JANSSEN</td><td>JANSSEN PHARMACEUTICA NV</td></tr></table></div>
  </text>
  <url value="http://www.saude.gov.br/fhir/r4/CodeSystem/BRFabricantePNI"/>
  <version value="0.2.0"/>
  <name value="BRFabricantePNI"/>
  <title value="Fabricante do Imunobiológico"/>
  <status value="active"/>
  <experimental value="false"/>
  <date value="2021-02-05T11:40:22.610+00:00"/>
  <publisher value="Ministério da Saúde"/>
  <contact>
    <telecom>
      <system value="url"/>
      <value value="https://www.gov.br/saude/pt-br"/>
    </telecom>
  </contact>
  <description value="Apresenta o fabricante do imunobiológico."/>
  <jurisdiction>
    <coding>
      <system value="http://unstats.un.org/unsd/methods/m49/m49.htm"/>
      <code value="001"/>
    </coding>
  </jurisdiction>
  <content value="complete"/>
  <concept>
    <code value="141"/>
    <display value="IVB"/>
    <definition value="INSTITUTO VITAL BRAZIL S.A"/>
  </concept>
  <concept>
    <code value="142"/>
    <display value="PFIZER"/>
    <definition value="LABORATORIOS PFIZER LTDA"/>
  </concept>
  <concept>
    <code value="149"/>
    <display value="FIOCRUZ"/>
    <definition value="FUNDACAO OSWALDO CRUZ"/>
  </concept>
  <concept>
    <code value="150"/>
    <display value="FUNED"/>
    <definition value="FUNDACAO EZEQUIEL DIAS"/>
  </concept>
  <concept>
    <code value="151"/>
    <display value="F.A.P."/>
    <definition value="FUNDACAO ATAULPHO DE PAIVA"/>
  </concept>
  <concept>
    <code value="152"/>
    <display value="BUTANTAN"/>
    <definition value="FUNDACAO BUTANTAN"/>
  </concept>
  <concept>
    <code value="153"/>
    <display value="TECPAR"/>
    <definition value="INSTITUTO DE TECNOLOGIA DO PARANA"/>
  </concept>
  <concept>
    <code value="156"/>
    <display value="DADO B."/>
    <definition value="DADE BEHRING MARBUG GMBH"/>
  </concept>
  <concept>
    <code value="159"/>
    <display value="SMITHKLINE"/>
    <definition value="GLAXOSMITHKLINE BEECHAM"/>
  </concept>
  <concept>
    <code value="160"/>
    <display value="GREENCROSS"/>
    <definition value="GREEN CROSS - PHARMACEUTICAL B. M. CORP."/>
  </concept>
  <concept>
    <code value="161"/>
    <display value="AVENTIS"/>
    <definition value="AVENTIS PASTEUR S.A."/>
  </concept>
  <concept>
    <code value="162"/>
    <display value="CHIRON SPA"/>
    <definition value="NOVARTIS/CHIRON S.P.A. VACCINES"/>
  </concept>
  <concept>
    <code value="163"/>
    <display value="SERUM-INDIA"/>
    <definition value="SERUM INSTITUTE OF INDIA LTD."/>
  </concept>
  <concept>
    <code value="164"/>
    <display value="LGCHEMICAL"/>
    <definition value="LG CHEMICAL INVESTIMENT LTD"/>
  </concept>
  <concept>
    <code value="165"/>
    <display value="MERCK"/>
    <definition value="MERCK SHARP &amp; DOHME CO., INC."/>
  </concept>
  <concept>
    <code value="166"/>
    <display value="BIKEN"/>
    <definition value="FUNDACAO INVEST. DE INFERM. MICROB. DA UNIVERSIDADE DE OSAKA"/>
  </concept>
  <concept>
    <code value="167"/>
    <display value="SEVAC"/>
    <definition value="SEVAC S.A."/>
  </concept>
  <concept>
    <code value="168"/>
    <display value="BERNE"/>
    <definition value="SWISS SERUM AND VACCINES INSTITUTE BERNE"/>
  </concept>
  <concept>
    <code value="235"/>
    <display value="INCQS"/>
    <definition value="INSTITUTO NACIONAL DE CONTROLE DE QUALIDADE EM SAUDE"/>
  </concept>
  <concept>
    <code value="239"/>
    <display value="BAYER"/>
    <definition value="BAYER CORPORATION - BIOLOGICAL PRODUCTS"/>
  </concept>
  <concept>
    <code value="608"/>
    <display value="BAXTER"/>
    <definition value="BAXTER VACCINE AKTIENGESELLSCHAFT"/>
  </concept>
  <concept>
    <code value="1659"/>
    <display value="CYANAMID"/>
    <definition value="AMERICAN CYANAMID COMPANY"/>
  </concept>
  <concept>
    <code value="1913"/>
    <display value="CPPI"/>
    <definition value="CENTRO DE PRODUCAO E PESQUISA DE IMUNOBIOLOGICOS"/>
  </concept>
  <concept>
    <code value="2250"/>
    <display value="IIMUNO"/>
    <definition value="INSTITUTE OF IMMUNOLOGY - CROACIA"/>
  </concept>
  <concept>
    <code value="2260"/>
    <display value="CSL"/>
    <definition value="CSL BEHRING GMBH"/>
  </concept>
  <concept>
    <code value="2263"/>
    <display value="WYETH"/>
    <definition value="WYETH PHARMACEUTICALS"/>
  </concept>
  <concept>
    <code value="2355"/>
    <display value="NOVARTIS"/>
    <definition value="NOVARTIS PHARMA SERVICES INC."/>
  </concept>
  <concept>
    <code value="2560"/>
    <display value="HEBER"/>
    <definition value="HEBER BIOTEC"/>
  </concept>
  <concept>
    <code value="2769"/>
    <display value="BERNA"/>
    <definition value="BERNA BIOTECH KOREA CORPORATION"/>
  </concept>
  <concept>
    <code value="2862"/>
    <display value="SANPASTEUR"/>
    <definition value="SANOFI PASTEUR"/>
  </concept>
  <concept>
    <code value="2901"/>
    <display value="MERIAL"/>
    <definition value="MERIAL MEXICO, SA BECV"/>
  </concept>
  <concept>
    <code value="3521"/>
    <display value="BIOVET"/>
    <definition value="BIOVET"/>
  </concept>
  <concept>
    <code value="10534"/>
    <display value="CRUCELL"/>
    <definition value="CRUCELL SWEDEN AB"/>
  </concept>
  <concept>
    <code value="11347"/>
    <display value="VIRBAC"/>
    <definition value="VIRBAC S.A"/>
  </concept>
  <concept>
    <code value="12551"/>
    <display value="GRIFOLS"/>
    <definition value="GRIFOLS BRASIL LTDA"/>
  </concept>
  <concept>
    <code value="12572"/>
    <display value="KEDRION"/>
    <definition value="KEDRION BIOPHARMA"/>
  </concept>
  <concept>
    <code value="13219"/>
    <display value="BIOGENESIS"/>
    <definition value="BIOGENESIS-BAGO S/A"/>
  </concept>
  <concept>
    <code value="13688"/>
    <display value="SHANTHA"/>
    <definition value="SHANTHA BIOTECHNICS"/>
  </concept>
  <concept>
    <code value="16763"/>
    <display value="BIOFARMA"/>
    <definition value="BIOFARMA"/>
  </concept>
  <concept>
    <code value="17934"/>
    <display value="BIOLOGICAL"/>
    <definition value="BIOLOGICAL E. LIMITED"/>
  </concept>
  <concept>
    <code value="18189"/>
    <display value="INTERVAX"/>
    <definition value="INTERVAX LTDA."/>
  </concept>
  <concept>
    <code value="18190"/>
    <display value="BB-NCIPD"/>
    <definition value="BB-NCIPD LTD."/>
  </concept>
  <concept>
    <code value="22942"/>
    <display value="LGLIFE"/>
    <definition value="LG LIFE SCIENCES LTDA"/>
  </concept>
  <concept>
    <code value="26313"/>
    <display value="MERCK-GO"/>
    <definition value="MERCK SHARP E DOHME FARMACEUTICA LTDA / GO"/>
  </concept>
  <concept>
    <code value="27816"/>
    <display value="EUBIOLOGI"/>
    <definition value="EUBIOLOGICS CO., LTD."/>
  </concept>
  <concept>
    <code value="27880"/>
    <display value="GSK-BRASIL"/>
    <definition value="GLAXOSMITHKLINE BRASIL LTDA."/>
  </concept>
  <concept>
    <code value="28211"/>
    <display value="KAMADA"/>
    <definition value="KAMADA PHARMACEUTICAL"/>
  </concept>
  <concept>
    <code value="28251"/>
    <display value="SANMEDLEY"/>
    <definition value="SANOFI MEDLEY FARMACEUTICA LTDA"/>
  </concept>
  <concept>
    <code value="28283"/>
    <display value="VINS"/>
    <definition value="VINS BIOPRODUCTS LIMITED"/>
  </concept>
  <concept>
    <code value="28290"/>
    <display value="PFIZER-BELGICA"/>
    <definition value="PFIZER MANUFACTURING BELGIUM NV - BELGIVA"/>
  </concept>
  <concept>
    <code value="28303"/>
    <display value="PANACEA"/>
    <definition value="PANACEA BIOTEC LTD"/>
  </concept>
  <concept>
    <code value="28425"/>
    <display value="BIOGENESIS"/>
    <definition value="BIOGENESIS BAGO SAUDE ANIMAL LTDA"/>
  </concept>
  <concept>
    <code value="28738"/>
    <display value="BOEHRINGER"/>
    <definition value="BOEHRINGER INGELHEIM ANIMAL HEALTH"/>
  </concept>
  <concept>
    <code value="29501"/>
    <display value="SINOVAC"/>
    <definition value="SINOVAC LIFE SCIENCE CO., LTD"/>
  </concept>
  <concept>
    <code value="29909"/>
    <display value="ASTRAZENECA"/>
    <definition value="ASTRAZENECA AB"/>
  </concept>
  <concept>
    <code value="30357"/>
    <display value="EQUIPLEX"/>
    <definition value="EQUIPLEX INDUSTRIA FARMACEUTICA LTDA"/>
  </concept>
  <concept>
    <code value="30587"/>
    <display value="JANSSEN"/>
    <definition value="JANSSEN PHARMACEUTICA NV"/>
  </concept>
</CodeSystem>