<?xml version="1.0" encoding="UTF-8"?>

<CodeSystem xmlns="http://hl7.org/fhir">
  <id value="BRImunobiologico"/>
  <meta>
    <lastUpdated value="2021-08-20T11:39:24.326-03:00"/>
  </meta>
  <language value="pt"/>
  <text>
    <status value="generated"/><div xmlns="http://www.w3.org/1999/xhtml" xml:lang="pt" lang="pt"><p>This code system http://www.saude.gov.br/fhir/r4/CodeSystem/BRImunobiologico defines the following codes:</p><table class="codes"><tr><td style="white-space:nowrap"><b>Code</b></td><td><b>Display</b></td><td><b>Definition</b></td></tr><tr><td style="white-space:nowrap">1<a name="BRImunobiologico-1"> </a></td><td>IGHT</td><td>Imunoglobulina humana antitétano</td></tr><tr><td style="white-space:nowrap">2<a name="BRImunobiologico-2"> </a></td><td>SAT</td><td>Soro antitetânico</td></tr><tr><td style="white-space:nowrap">3<a name="BRImunobiologico-3"> </a></td><td>SARC</td><td>Soro antiaracnídico</td></tr><tr><td style="white-space:nowrap">4<a name="BRImunobiologico-4"> </a></td><td>SAESCOR</td><td>Soro antiescorpiônico</td></tr><tr><td style="white-space:nowrap">5<a name="BRImunobiologico-5"> </a></td><td>DT</td><td>Vacina difteria e tétano infantil</td></tr><tr><td style="white-space:nowrap">6<a name="BRImunobiologico-6"> </a></td><td>SAELAP</td><td>Soro antielapídico</td></tr><tr><td style="white-space:nowrap">7<a name="BRImunobiologico-7"> </a></td><td>SAR</td><td>Soro antirrábico</td></tr><tr><td style="white-space:nowrap">8<a name="BRImunobiologico-8"> </a></td><td>SABOTR</td><td>Soro antibotrópico (pentavalente)</td></tr><tr><td style="white-space:nowrap">9<a name="BRImunobiologico-9"> </a></td><td>HepB</td><td>Vacina hepatite B</td></tr><tr><td style="white-space:nowrap">10<a name="BRImunobiologico-10"> </a></td><td>SAD</td><td>Soro antidiftérico</td></tr><tr><td style="white-space:nowrap">11<a name="BRImunobiologico-11"> </a></td><td>SABOCR</td><td>Soro antibotrópico (pentavalente) e anticrotálico</td></tr><tr><td style="white-space:nowrap">12<a name="BRImunobiologico-12"> </a></td><td>SABOLA</td><td>Soro antibotrópico (pentavalente) e antilaquético</td></tr><tr><td style="white-space:nowrap">13<a name="BRImunobiologico-13"> </a></td><td>Meningo AC</td><td>Vacina meningocócica AC</td></tr><tr><td style="white-space:nowrap">14<a name="BRImunobiologico-14"> </a></td><td>VFA</td><td>Vacina febre amarela</td></tr><tr><td style="white-space:nowrap">15<a name="BRImunobiologico-15"> </a></td><td>BCG</td><td>Vacina BCG</td></tr><tr><td style="white-space:nowrap">16<a name="BRImunobiologico-16"> </a></td><td>SACROT</td><td>Soro anticrotálico</td></tr><tr><td style="white-space:nowrap">17<a name="BRImunobiologico-17"> </a></td><td>Hib</td><td>Vacina Hib</td></tr><tr><td style="white-space:nowrap">18<a name="BRImunobiologico-18"> </a></td><td>VR</td><td>Vacina raiva embrião de galinha</td></tr><tr><td style="white-space:nowrap">19<a name="BRImunobiologico-19"> </a></td><td>IGHV</td><td>Imunoglobulina humana antivaricela</td></tr><tr><td style="white-space:nowrap">20<a name="BRImunobiologico-20"> </a></td><td>IGHHB</td><td>Imunoglobulina humana anti-hepatite B</td></tr><tr><td style="white-space:nowrap">21<a name="BRImunobiologico-21"> </a></td><td>VPP23</td><td>Vacina pneumo 23</td></tr><tr><td style="white-space:nowrap">22<a name="BRImunobiologico-22"> </a></td><td>VIP</td><td>Vacina polio injetável</td></tr><tr><td style="white-space:nowrap">23<a name="BRImunobiologico-23"> </a></td><td>IGHR</td><td>Imunoglobulina humana antirrábica</td></tr><tr><td style="white-space:nowrap">24<a name="BRImunobiologico-24"> </a></td><td>SCR</td><td>Vacina sarampo, caxumba, rubéola</td></tr><tr><td style="white-space:nowrap">25<a name="BRImunobiologico-25"> </a></td><td>dT</td><td>Vacina difteria e tétano adulto</td></tr><tr><td style="white-space:nowrap">26<a name="BRImunobiologico-26"> </a></td><td>VPC10</td><td>Vacina pneumo 10</td></tr><tr><td style="white-space:nowrap">27<a name="BRImunobiologico-27"> </a></td><td>SLATRO</td><td>Soro latrodectus</td></tr><tr><td style="white-space:nowrap">28<a name="BRImunobiologico-28"> </a></td><td>VOP</td><td>Vacina polio oral</td></tr><tr><td style="white-space:nowrap">29<a name="BRImunobiologico-29"> </a></td><td>PENTA acelular</td><td>Vacina penta acelular (DTPa/VIP/Hib)</td></tr><tr><td style="white-space:nowrap">30<a name="BRImunobiologico-30"> </a></td><td>FTp</td><td>Vacina febre tifóide</td></tr><tr><td style="white-space:nowrap">31<a name="BRImunobiologico-31"> </a></td><td>SALOXO</td><td>Soro antiloxoscélico (trivalente)</td></tr><tr><td style="white-space:nowrap">32<a name="BRImunobiologico-32"> </a></td><td>SALONO</td><td>Soro antilonômico</td></tr><tr><td style="white-space:nowrap">33<a name="BRImunobiologico-33"> </a></td><td>INF3</td><td>Vacina influenza trivalente</td></tr><tr><td style="white-space:nowrap">34<a name="BRImunobiologico-34"> </a></td><td>VAR</td><td>Vacina varicela</td></tr><tr><td style="white-space:nowrap">35<a name="BRImunobiologico-35"> </a></td><td>HA</td><td>Vacina hepatite A</td></tr><tr><td style="white-space:nowrap">36<a name="BRImunobiologico-36"> </a></td><td>SR</td><td>Vacina sarampo, rubéola</td></tr><tr><td style="white-space:nowrap">37<a name="BRImunobiologico-37"> </a></td><td>Vero</td><td>Vacina raiva em cultivo celular vero</td></tr><tr><td style="white-space:nowrap">38<a name="BRImunobiologico-38"> </a></td><td>SBOTULTRI</td><td>Soro antibotulínico (trivalente)</td></tr><tr><td style="white-space:nowrap">39<a name="BRImunobiologico-39"> </a></td><td>Tetra</td><td>Vacina DTP/Hib</td></tr><tr><td style="white-space:nowrap">40<a name="BRImunobiologico-40"> </a></td><td>Pncc7V</td><td>Vacina pneumocócica 7V</td></tr><tr><td style="white-space:nowrap">41<a name="BRImunobiologico-41"> </a></td><td>MenC</td><td>Vacina meningo C</td></tr><tr><td style="white-space:nowrap">42<a name="BRImunobiologico-42"> </a></td><td>PENTA</td><td>Vacina penta (DTP/HepB/Hib)</td></tr><tr><td style="white-space:nowrap">43<a name="BRImunobiologico-43"> </a></td><td>HEXA</td><td>Vacina hexa (DTPa/HepB/VIP/Hib)</td></tr><tr><td style="white-space:nowrap">44<a name="BRImunobiologico-44"> </a></td><td>H1N1</td><td>Vacina Influenza H1N1</td></tr><tr><td style="white-space:nowrap">45<a name="BRImunobiologico-45"> </a></td><td>ROTA</td><td>Vacina rotavírus</td></tr><tr><td style="white-space:nowrap">46<a name="BRImunobiologico-46"> </a></td><td>DTP</td><td>Vacina DTP</td></tr><tr><td style="white-space:nowrap">47<a name="BRImunobiologico-47"> </a></td><td>DTPa</td><td>Vacina DTPa infantil</td></tr><tr><td style="white-space:nowrap">48<a name="BRImunobiologico-48"> </a></td><td>DILSRC</td><td>Diluente para vacina sarampo, caxumba, rubéola</td></tr><tr><td style="white-space:nowrap">49<a name="BRImunobiologico-49"> </a></td><td>DILVFA</td><td>Diluente para vacina febre amarela</td></tr><tr><td style="white-space:nowrap">50<a name="BRImunobiologico-50"> </a></td><td>DILHib</td><td>Diluente para vacina haemophilus influenzae B</td></tr><tr><td style="white-space:nowrap">51<a name="BRImunobiologico-51"> </a></td><td>Fta</td><td>Vacina febre tifóide (atenuada)</td></tr><tr><td style="white-space:nowrap">52<a name="BRImunobiologico-52"> </a></td><td>DilMengAC</td><td>Diluente meningo AC</td></tr><tr><td style="white-space:nowrap">53<a name="BRImunobiologico-53"> </a></td><td>DILSR</td><td>Diluente para vacina sarampo, rubéola</td></tr><tr><td style="white-space:nowrap">54<a name="BRImunobiologico-54"> </a></td><td>DILVAR</td><td>Diluente para vacina varicela</td></tr><tr><td style="white-space:nowrap">55<a name="BRImunobiologico-55"> </a></td><td>HepAinf</td><td>Vacina hepatite A infantil</td></tr><tr><td style="white-space:nowrap">56<a name="BRImunobiologico-56"> </a></td><td>SCRV</td><td>Vacina sarampo, caxumba, rubéola e varicela</td></tr><tr><td style="white-space:nowrap">57<a name="BRImunobiologico-57"> </a></td><td>dTpa</td><td>Vacina dTpa adulto</td></tr><tr><td style="white-space:nowrap">58<a name="BRImunobiologico-58"> </a></td><td>TETRA acelular</td><td>Vacina DTPa/VIP</td></tr><tr><td style="white-space:nowrap">59<a name="BRImunobiologico-59"> </a></td><td>VPC13</td><td>Vacina pneumo 13</td></tr><tr><td style="white-space:nowrap">60<a name="BRImunobiologico-60"> </a></td><td>HPV2</td><td>Vacina HPV bivalente</td></tr><tr><td style="white-space:nowrap">61<a name="BRImunobiologico-61"> </a></td><td>TT</td><td>Vacina toxóide tetânico</td></tr><tr><td style="white-space:nowrap">62<a name="BRImunobiologico-62"> </a></td><td>HAeHBped</td><td>Hepatite AeB (pediátrica)</td></tr><tr><td style="white-space:nowrap">63<a name="BRImunobiologico-63"> </a></td><td>HAeHB</td><td>Vacina hepatite AeB (uso adulto)</td></tr><tr><td style="white-space:nowrap">64<a name="BRImunobiologico-64"> </a></td><td>FLU ID</td><td>Vacina influenza ID</td></tr><tr><td style="white-space:nowrap">65<a name="BRImunobiologico-65"> </a></td><td>ROTA5</td><td>Vacina rotavírus pentavalente</td></tr><tr><td style="white-space:nowrap">66<a name="BRImunobiologico-66"> </a></td><td>MEN BC</td><td>Vacina meningocócica B/C</td></tr><tr><td style="white-space:nowrap">67<a name="BRImunobiologico-67"> </a></td><td>HPV4</td><td>Vacina HPV quadrivalente</td></tr><tr><td style="white-space:nowrap">68<a name="BRImunobiologico-68"> </a></td><td>HPV Bi</td><td>Vacina HPV bivalente</td></tr><tr><td style="white-space:nowrap">69<a name="BRImunobiologico-69"> </a></td><td>SABOT</td><td>Soro antibotulínico AB (bivalente)</td></tr><tr><td style="white-space:nowrap">70<a name="BRImunobiologico-70"> </a></td><td>Sarampo</td><td>Vacina sarampo</td></tr><tr><td style="white-space:nowrap">71<a name="BRImunobiologico-71"> </a></td><td>Rubeola</td><td>Vacina rubéola</td></tr><tr><td style="white-space:nowrap">72<a name="BRImunobiologico-72"> </a></td><td>Gripe Sazonal</td><td>Vacina gripe</td></tr><tr><td style="white-space:nowrap">73<a name="BRImunobiologico-73"> </a></td><td>Quadrupla Viral</td><td>Vacina quádrupla viral</td></tr><tr><td style="white-space:nowrap">74<a name="BRImunobiologico-74"> </a></td><td>MenACWY</td><td>Vacina meningo ACWY</td></tr><tr><td style="white-space:nowrap">75<a name="BRImunobiologico-75"> </a></td><td>COLERA</td><td>Vacina cólera</td></tr><tr><td style="white-space:nowrap">76<a name="BRImunobiologico-76"> </a></td><td>VHZ</td><td>Vacina herpes-zóster</td></tr><tr><td style="white-space:nowrap">77<a name="BRImunobiologico-77"> </a></td><td>INF4</td><td>Vacina influenza tetravalente</td></tr><tr><td style="white-space:nowrap">78<a name="BRImunobiologico-78"> </a></td><td>MenB</td><td>Vacina meningo B</td></tr><tr><td style="white-space:nowrap">79<a name="BRImunobiologico-79"> </a></td><td>DILBCG</td><td>Diluente para vacina BCG</td></tr><tr><td style="white-space:nowrap">80<a name="BRImunobiologico-80"> </a></td><td>DILVRvero</td><td>Diluente para vacina raiva cultivo celulas vero</td></tr><tr><td style="white-space:nowrap">81<a name="BRImunobiologico-81"> </a></td><td>DILMenC</td><td>Diluente para vacina meningo C</td></tr><tr><td style="white-space:nowrap">82<a name="BRImunobiologico-82"> </a></td><td>Dengue</td><td>Vacina dengue</td></tr><tr><td style="white-space:nowrap">83<a name="BRImunobiologico-83"> </a></td><td>HEPAad</td><td>Vacina hepatite A adulto</td></tr><tr><td style="white-space:nowrap">84<a name="BRImunobiologico-84"> </a></td><td>VFA-F</td><td>Vacina febre amarela fracionada</td></tr><tr><td style="white-space:nowrap">85<a name="BRImunobiologico-85"> </a></td><td>COVID-19 ASTRAZENECA/FIOCRUZ - COVISHIELD</td><td>Vacina Covid-19-recombinante, AstraZeneca/Fiocruz (Covishield)</td></tr><tr><td style="white-space:nowrap">86<a name="BRImunobiologico-86"> </a></td><td>COVID-19 SINOVAC/BUTANTAN - CORONAVAC</td><td>Vacina Covid-19-inativada, Sinovac/Butantan (Coronavac)</td></tr><tr><td style="white-space:nowrap">87<a name="BRImunobiologico-87"> </a></td><td>COVID-19 PFIZER - COMIRNATY</td><td>Vacina Covid-19-RNAm, Pfizer (Comirnaty)</td></tr><tr><td style="white-space:nowrap">88<a name="BRImunobiologico-88"> </a></td><td>COVID-19 JANSSEN - Ad26.COV2.S</td><td>Vacina Covid-19-recombinante, Janssen (Ad26.COV2.S)</td></tr><tr><td style="white-space:nowrap">89<a name="BRImunobiologico-89"> </a></td><td>COVID-19 ASTRAZENECA - ChAdOx1-S</td><td>Vacina Covid-19-recombinante, AstraZeneca/Covax (Shadox1-S)</td></tr><tr><td style="white-space:nowrap">90<a name="BRImunobiologico-90"> </a></td><td>DILSCRV</td><td>Diluente para vacina sarampo, caxumba, rubéola e varicela</td></tr><tr><td style="white-space:nowrap">91<a name="BRImunobiologico-91"> </a></td><td>DILVR</td><td>Diluente para vacina raiva cultivo embrião de galinha</td></tr><tr><td style="white-space:nowrap">92<a name="BRImunobiologico-92"> </a></td><td>VRvero</td><td>Vacina raiva cultivo celulas vero</td></tr><tr><td style="white-space:nowrap">93<a name="BRImunobiologico-93"> </a></td><td>HPV9</td><td>Vacina HPV nonavalente</td></tr><tr><td style="white-space:nowrap">94<a name="BRImunobiologico-94"> </a></td><td>DILCOV</td><td>Diluente Covid-19</td></tr><tr><td style="white-space:nowrap">95<a name="BRImunobiologico-95"> </a></td><td>COVID-19 GAMALEYA - SPUTNIK V</td><td>Vacina Covid-19-recombinante, Gamaleya (Sputnik V)</td></tr><tr><td style="white-space:nowrap">96<a name="BRImunobiologico-96"> </a></td><td>COVID-19 BHARAT - COVAXIN</td><td>Vacina Covid-19-inativada, Bharat (Covaxin)</td></tr><tr><td style="white-space:nowrap">97<a name="BRImunobiologico-97"> </a></td><td>COVID-19 MODERNA</td><td>Vacina Covid-19-RNAm, Moderna</td></tr></table></div>
  </text>
  <url value="http://www.saude.gov.br/fhir/r4/CodeSystem/BRImunobiologico"/>
  <version value="0.2.0"/>
  <name value="BRImunobiologico"/>
  <title value="Imunobiológico"/>
  <status value="active"/>
  <experimental value="false"/>
  <date value="2020-01-06T18:40:15.6103207+00:00"/>
  <publisher value="Ministério da Saúde"/>
  <contact>
    <telecom>
      <system value="url"/>
      <value value="https://www.gov.br/saude/pt-br"/>
    </telecom>
  </contact>
  <description value="Classifica os tipos de imunobiológicos."/>
  <jurisdiction>
    <coding>
      <system value="http://unstats.un.org/unsd/methods/m49/m49.htm"/>
      <code value="001"/>
    </coding>
  </jurisdiction>
  <content value="complete"/>
  <concept>
    <code value="1"/>
    <display value="IGHT"/>
    <definition value="Imunoglobulina humana antitétano"/>
  </concept>
  <concept>
    <code value="2"/>
    <display value="SAT"/>
    <definition value="Soro antitetânico"/>
  </concept>
  <concept>
    <code value="3"/>
    <display value="SARC"/>
    <definition value="Soro antiaracnídico"/>
  </concept>
  <concept>
    <code value="4"/>
    <display value="SAESCOR"/>
    <definition value="Soro antiescorpiônico"/>
  </concept>
  <concept>
    <code value="5"/>
    <display value="DT"/>
    <definition value="Vacina difteria e tétano infantil"/>
  </concept>
  <concept>
    <code value="6"/>
    <display value="SAELAP"/>
    <definition value="Soro antielapídico"/>
  </concept>
  <concept>
    <code value="7"/>
    <display value="SAR"/>
    <definition value="Soro antirrábico"/>
  </concept>
  <concept>
    <code value="8"/>
    <display value="SABOTR"/>
    <definition value="Soro antibotrópico (pentavalente)"/>
  </concept>
  <concept>
    <code value="9"/>
    <display value="HepB"/>
    <definition value="Vacina hepatite B"/>
  </concept>
  <concept>
    <code value="10"/>
    <display value="SAD"/>
    <definition value="Soro antidiftérico"/>
  </concept>
  <concept>
    <code value="11"/>
    <display value="SABOCR"/>
    <definition value="Soro antibotrópico (pentavalente) e anticrotálico"/>
  </concept>
  <concept>
    <code value="12"/>
    <display value="SABOLA"/>
    <definition value="Soro antibotrópico (pentavalente) e antilaquético"/>
  </concept>
  <concept>
    <code value="13"/>
    <display value="Meningo AC"/>
    <definition value="Vacina meningocócica AC"/>
  </concept>
  <concept>
    <code value="14"/>
    <display value="VFA"/>
    <definition value="Vacina febre amarela"/>
  </concept>
  <concept>
    <code value="15"/>
    <display value="BCG"/>
    <definition value="Vacina BCG"/>
  </concept>
  <concept>
    <code value="16"/>
    <display value="SACROT"/>
    <definition value="Soro anticrotálico"/>
  </concept>
  <concept>
    <code value="17"/>
    <display value="Hib"/>
    <definition value="Vacina Hib"/>
  </concept>
  <concept>
    <code value="18"/>
    <display value="VR"/>
    <definition value="Vacina raiva embrião de galinha"/>
  </concept>
  <concept>
    <code value="19"/>
    <display value="IGHV"/>
    <definition value="Imunoglobulina humana antivaricela"/>
  </concept>
  <concept>
    <code value="20"/>
    <display value="IGHHB"/>
    <definition value="Imunoglobulina humana anti-hepatite B"/>
  </concept>
  <concept>
    <code value="21"/>
    <display value="VPP23"/>
    <definition value="Vacina pneumo 23"/>
  </concept>
  <concept>
    <code value="22"/>
    <display value="VIP"/>
    <definition value="Vacina polio injetável"/>
  </concept>
  <concept>
    <code value="23"/>
    <display value="IGHR"/>
    <definition value="Imunoglobulina humana antirrábica"/>
  </concept>
  <concept>
    <code value="24"/>
    <display value="SCR"/>
    <definition value="Vacina sarampo, caxumba, rubéola"/>
  </concept>
  <concept>
    <code value="25"/>
    <display value="dT"/>
    <definition value="Vacina difteria e tétano adulto"/>
  </concept>
  <concept>
    <code value="26"/>
    <display value="VPC10"/>
    <definition value="Vacina pneumo 10"/>
  </concept>
  <concept>
    <code value="27"/>
    <display value="SLATRO"/>
    <definition value="Soro latrodectus"/>
  </concept>
  <concept>
    <code value="28"/>
    <display value="VOP"/>
    <definition value="Vacina polio oral"/>
  </concept>
  <concept>
    <code value="29"/>
    <display value="PENTA acelular"/>
    <definition value="Vacina penta acelular (DTPa/VIP/Hib)"/>
  </concept>
  <concept>
    <code value="30"/>
    <display value="FTp"/>
    <definition value="Vacina febre tifóide"/>
  </concept>
  <concept>
    <code value="31"/>
    <display value="SALOXO"/>
    <definition value="Soro antiloxoscélico (trivalente)"/>
  </concept>
  <concept>
    <code value="32"/>
    <display value="SALONO"/>
    <definition value="Soro antilonômico"/>
  </concept>
  <concept>
    <code value="33"/>
    <display value="INF3"/>
    <definition value="Vacina influenza trivalente"/>
  </concept>
  <concept>
    <code value="34"/>
    <display value="VAR"/>
    <definition value="Vacina varicela"/>
  </concept>
  <concept>
    <code value="35"/>
    <display value="HA"/>
    <definition value="Vacina hepatite A"/>
  </concept>
  <concept>
    <code value="36"/>
    <display value="SR"/>
    <definition value="Vacina sarampo, rubéola"/>
  </concept>
  <concept>
    <code value="37"/>
    <display value="Vero"/>
    <definition value="Vacina raiva em cultivo celular vero"/>
  </concept>
  <concept>
    <code value="38"/>
    <display value="SBOTULTRI"/>
    <definition value="Soro antibotulínico (trivalente)"/>
  </concept>
  <concept>
    <code value="39"/>
    <display value="Tetra"/>
    <definition value="Vacina DTP/Hib"/>
  </concept>
  <concept>
    <code value="40"/>
    <display value="Pncc7V"/>
    <definition value="Vacina pneumocócica 7V"/>
  </concept>
  <concept>
    <code value="41"/>
    <display value="MenC"/>
    <definition value="Vacina meningo C"/>
  </concept>
  <concept>
    <code value="42"/>
    <display value="PENTA"/>
    <definition value="Vacina penta (DTP/HepB/Hib)"/>
  </concept>
  <concept>
    <code value="43"/>
    <display value="HEXA"/>
    <definition value="Vacina hexa (DTPa/HepB/VIP/Hib)"/>
  </concept>
  <concept>
    <code value="44"/>
    <display value="H1N1"/>
    <definition value="Vacina Influenza H1N1"/>
  </concept>
  <concept>
    <code value="45"/>
    <display value="ROTA"/>
    <definition value="Vacina rotavírus"/>
  </concept>
  <concept>
    <code value="46"/>
    <display value="DTP"/>
    <definition value="Vacina DTP"/>
  </concept>
  <concept>
    <code value="47"/>
    <display value="DTPa"/>
    <definition value="Vacina DTPa infantil"/>
  </concept>
  <concept>
    <code value="48"/>
    <display value="DILSRC"/>
    <definition value="Diluente para vacina sarampo, caxumba, rubéola"/>
  </concept>
  <concept>
    <code value="49"/>
    <display value="DILVFA"/>
    <definition value="Diluente para vacina febre amarela"/>
  </concept>
  <concept>
    <code value="50"/>
    <display value="DILHib"/>
    <definition value="Diluente para vacina haemophilus influenzae B"/>
  </concept>
  <concept>
    <code value="51"/>
    <display value="Fta"/>
    <definition value="Vacina febre tifóide (atenuada)"/>
  </concept>
  <concept>
    <code value="52"/>
    <display value="DilMengAC"/>
    <definition value="Diluente meningo AC"/>
  </concept>
  <concept>
    <code value="53"/>
    <display value="DILSR"/>
    <definition value="Diluente para vacina sarampo, rubéola"/>
  </concept>
  <concept>
    <code value="54"/>
    <display value="DILVAR"/>
    <definition value="Diluente para vacina varicela"/>
  </concept>
  <concept>
    <code value="55"/>
    <display value="HepAinf"/>
    <definition value="Vacina hepatite A infantil"/>
  </concept>
  <concept>
    <code value="56"/>
    <display value="SCRV"/>
    <definition value="Vacina sarampo, caxumba, rubéola e varicela"/>
  </concept>
  <concept>
    <code value="57"/>
    <display value="dTpa"/>
    <definition value="Vacina dTpa adulto"/>
  </concept>
  <concept>
    <code value="58"/>
    <display value="TETRA acelular"/>
    <definition value="Vacina DTPa/VIP"/>
  </concept>
  <concept>
    <code value="59"/>
    <display value="VPC13"/>
    <definition value="Vacina pneumo 13"/>
  </concept>
  <concept>
    <code value="60"/>
    <display value="HPV2"/>
    <definition value="Vacina HPV bivalente"/>
  </concept>
  <concept>
    <code value="61"/>
    <display value="TT"/>
    <definition value="Vacina toxóide tetânico"/>
  </concept>
  <concept>
    <code value="62"/>
    <display value="HAeHBped"/>
    <definition value="Hepatite AeB (pediátrica)"/>
  </concept>
  <concept>
    <code value="63"/>
    <display value="HAeHB"/>
    <definition value="Vacina hepatite AeB (uso adulto)"/>
  </concept>
  <concept>
    <code value="64"/>
    <display value="FLU ID"/>
    <definition value="Vacina influenza ID"/>
  </concept>
  <concept>
    <code value="65"/>
    <display value="ROTA5"/>
    <definition value="Vacina rotavírus pentavalente"/>
  </concept>
  <concept>
    <code value="66"/>
    <display value="MEN BC"/>
    <definition value="Vacina meningocócica B/C"/>
  </concept>
  <concept>
    <code value="67"/>
    <display value="HPV4"/>
    <definition value="Vacina HPV quadrivalente"/>
  </concept>
  <concept>
    <code value="68"/>
    <display value="HPV Bi"/>
    <definition value="Vacina HPV bivalente"/>
  </concept>
  <concept>
    <code value="69"/>
    <display value="SABOT"/>
    <definition value="Soro antibotulínico AB (bivalente)"/>
  </concept>
  <concept>
    <code value="70"/>
    <display value="Sarampo"/>
    <definition value="Vacina sarampo"/>
  </concept>
  <concept>
    <code value="71"/>
    <display value="Rubeola"/>
    <definition value="Vacina rubéola"/>
  </concept>
  <concept>
    <code value="72"/>
    <display value="Gripe Sazonal"/>
    <definition value="Vacina gripe"/>
  </concept>
  <concept>
    <code value="73"/>
    <display value="Quadrupla Viral"/>
    <definition value="Vacina quádrupla viral"/>
  </concept>
  <concept>
    <code value="74"/>
    <display value="MenACWY"/>
    <definition value="Vacina meningo ACWY"/>
  </concept>
  <concept>
    <code value="75"/>
    <display value="COLERA"/>
    <definition value="Vacina cólera"/>
  </concept>
  <concept>
    <code value="76"/>
    <display value="VHZ"/>
    <definition value="Vacina herpes-zóster"/>
  </concept>
  <concept>
    <code value="77"/>
    <display value="INF4"/>
    <definition value="Vacina influenza tetravalente"/>
  </concept>
  <concept>
    <code value="78"/>
    <display value="MenB"/>
    <definition value="Vacina meningo B"/>
  </concept>
  <concept>
    <code value="79"/>
    <display value="DILBCG"/>
    <definition value="Diluente para vacina BCG"/>
  </concept>
  <concept>
    <code value="80"/>
    <display value="DILVRvero"/>
    <definition value="Diluente para vacina raiva cultivo celulas vero"/>
  </concept>
  <concept>
    <code value="81"/>
    <display value="DILMenC"/>
    <definition value="Diluente para vacina meningo C"/>
  </concept>
  <concept>
    <code value="82"/>
    <display value="Dengue"/>
    <definition value="Vacina dengue"/>
  </concept>
  <concept>
    <code value="83"/>
    <display value="HEPAad"/>
    <definition value="Vacina hepatite A adulto"/>
  </concept>
  <concept>
    <code value="84"/>
    <display value="VFA-F"/>
    <definition value="Vacina febre amarela fracionada"/>
  </concept>
  <concept>
    <code value="85"/>
    <display value="COVID-19 ASTRAZENECA/FIOCRUZ - COVISHIELD"/>
    <definition value="Vacina Covid-19-recombinante, AstraZeneca/Fiocruz (Covishield)"/>
  </concept>
  <concept>
    <code value="86"/>
    <display value="COVID-19 SINOVAC/BUTANTAN - CORONAVAC"/>
    <definition value="Vacina Covid-19-inativada, Sinovac/Butantan (Coronavac)"/>
  </concept>
  <concept>
    <code value="87"/>
    <display value="COVID-19 PFIZER - COMIRNATY"/>
    <definition value="Vacina Covid-19-RNAm, Pfizer (Comirnaty)"/>
  </concept>
  <concept>
    <code value="88"/>
    <display value="COVID-19 JANSSEN - Ad26.COV2.S"/>
    <definition value="Vacina Covid-19-recombinante, Janssen (Ad26.COV2.S)"/>
  </concept>
  <concept>
    <code value="89"/>
    <display value="COVID-19 ASTRAZENECA - ChAdOx1-S"/>
    <definition value="Vacina Covid-19-recombinante, AstraZeneca/Covax (Shadox1-S)"/>
  </concept>
  <concept>
    <code value="90"/>
    <display value="DILSCRV"/>
    <definition value="Diluente para vacina sarampo, caxumba, rubéola e varicela"/>
  </concept>
  <concept>
    <code value="91"/>
    <display value="DILVR"/>
    <definition value="Diluente para vacina raiva cultivo embrião de galinha"/>
  </concept>
  <concept>
    <code value="92"/>
    <display value="VRvero"/>
    <definition value="Vacina raiva cultivo celulas vero"/>
  </concept>
  <concept>
    <code value="93"/>
    <display value="HPV9"/>
    <definition value="Vacina HPV nonavalente"/>
  </concept>
  <concept>
    <code value="94"/>
    <display value="DILCOV"/>
    <definition value="Diluente Covid-19"/>
  </concept>
  <concept>
    <code value="95"/>
    <display value="COVID-19 GAMALEYA - SPUTNIK V"/>
    <definition value="Vacina Covid-19-recombinante, Gamaleya (Sputnik V)"/>
    <property>
      <code value="inativo"/>
      <valueBoolean value="true"/>
    </property>
  </concept>
  <concept>
    <code value="96"/>
    <display value="COVID-19 BHARAT - COVAXIN"/>
    <definition value="Vacina Covid-19-inativada, Bharat (Covaxin)"/>
    <property>
      <code value="inativo"/>
      <valueBoolean value="true"/>
    </property>
  </concept>
  <concept>
    <code value="97"/>
    <display value="COVID-19 MODERNA"/>
    <definition value="Vacina Covid-19-RNAm, Moderna"/>
    <property>
      <code value="inativo"/>
      <valueBoolean value="true"/>
    </property>
  </concept>
</CodeSystem>