<?xml version="1.0" encoding="UTF-8"?>

<ValueSet xmlns="http://hl7.org/fhir">
  <id value="BRSexo-1.0"/>
  <meta>
    <lastUpdated value="2020-04-07T18:07:03.610-03:00"/>
  </meta>
  <language value="pt-BR"/>
  <text>
    <status value="extensions"/><div xmlns="http://www.w3.org/1999/xhtml" xml:lang="pt-BR" lang="pt-BR"><ul><li>Include these codes as defined in <a href="http://hl7.org/fhir/R4/codesystem-administrative-gender.html"><code>http://hl7.org/fhir/administrative-gender</code></a> version <code>*</code><table class="none"><tr><td style="white-space:nowrap"><b>Code</b></td><td><b>Display</b></td><td><b>Definition</b></td></tr><tr><td><a href="http://hl7.org/fhir/R4/codesystem-administrative-gender.html#administrative-gender-male">male</a></td><td>Masculino</td><td>Male.</td></tr><tr><td><a href="http://hl7.org/fhir/R4/codesystem-administrative-gender.html#administrative-gender-female">female</a></td><td>Feminino</td><td>Female.</td></tr><tr><td><a href="http://hl7.org/fhir/R4/codesystem-administrative-gender.html#administrative-gender-unknown">unknown</a></td><td>Ignorado</td><td>Unknown.</td></tr></table></li></ul></div>
  </text>
  <url value="http://www.saude.gov.br/fhir/r4/ValueSet/BRSexo-1.0"/>
  <version value="0.2.0"/>
  <name value="BRSexo"/>
  <title value="Sexo"/>
  <status value="active"/>
  <experimental value="false"/>
  <date value="2020-04-07T21:07:00.8812267+00:00"/>
  <publisher value="Ministério da Saúde"/>
  <contact>
    <telecom>
      <system value="url"/>
      <value value="https://www.gov.br/saude/pt-br"/>
    </telecom>
  </contact>
  <description value="Sexo de um indivíduo."/>
  <jurisdiction>
    <coding>
      <system value="http://unstats.un.org/unsd/methods/m49/m49.htm"/>
      <code value="001"/>
    </coding>
  </jurisdiction>
  <immutable value="false"/>
  <compose>
    <include>
      <system value="http://hl7.org/fhir/administrative-gender"/>
      <version value="*"/>
      <concept>
        <code value="male"/>
        <display value="Masculino"/>
      </concept>
      <concept>
        <code value="female"/>
        <display value="Feminino"/>
      </concept>
      <concept>
        <code value="unknown"/>
        <display value="Ignorado"/>
      </concept>
    </include>
  </compose>
</ValueSet>