<?xml version="1.0" encoding="UTF-8"?><CodeSystem xmlns="http://hl7.org/fhir"><id value="BRRacaCor"/><meta><lastUpdated value="2021-08-06T11:00:12.538-03:00"/></meta><language value="pt-BR"/><text><status value="generated"/><div xmlns="http://www.w3.org/1999/xhtml" xml:lang="pt-BR" lang="pt-BR"><p>This code system http://www.saude.gov.br/fhir/r4/CodeSystem/BRRacaCor defines the following codes:</p><table class="codes"><tr><td style="white-space:nowrap"><b>Code</b></td><td><b>Display</b></td></tr><tr><td style="white-space:nowrap">01<a name="BRRacaCor-01"> </a></td><td>Branca</td></tr><tr><td style="white-space:nowrap">02<a name="BRRacaCor-02"> </a></td><td>Preta</td></tr><tr><td style="white-space:nowrap">03<a name="BRRacaCor-03"> </a></td><td>Parda</td></tr><tr><td style="white-space:nowrap">04<a name="BRRacaCor-04"> </a></td><td>Amarela</td></tr><tr><td style="white-space:nowrap">05<a name="BRRacaCor-05"> </a></td><td>Indígena</td></tr><tr><td style="white-space:nowrap">99<a name="BRRacaCor-99"> </a></td><td>Sem informação</td></tr></table></div></text><url value="http://www.saude.gov.br/fhir/r4/CodeSystem/BRRacaCor"/><version value="0.2.0"/><name value="BRRacaCor"/><title value="Raça/Cor"/><status value="active"/><experimental value="false"/><date value="2020-03-11T18:20:40.0457007+00:00"/><publisher value="Ministério da Saúde"/><contact><telecom><system value="url"/><value value="https://www.gov.br/saude/pt-br"/></telecom></contact><description value="Códigos para representação de raça/cor."/><jurisdiction><coding><system value="http://unstats.un.org/unsd/methods/m49/m49.htm"/><code value="001"/></coding></jurisdiction><content value="complete"/><concept><code value="01"/><display value="Branca"/></concept><concept><code value="02"/><display value="Preta"/></concept><concept><code value="03"/><display value="Parda"/></concept><concept><code value="04"/><display value="Amarela"/></concept><concept><code value="05"/><display value="Indígena"/></concept><concept><code value="99"/><display value="Sem informação"/></concept></CodeSystem>