<?xml version="1.0" encoding="UTF-8"?><CodeSystem xmlns="http://hl7.org/fhir"><id value="BRTipoEstabelecimentoSaude"/><meta><lastUpdated value="2020-03-11T15:25:07.005-03:00"/></meta><language value="pt-BR"/><text><status value="generated"/><div xmlns="http://www.w3.org/1999/xhtml" xml:lang="pt-BR" lang="pt-BR"><p>This code system http://www.saude.gov.br/fhir/r4/CodeSystem/BRTipoEstabelecimentoSaude defines the following codes:</p><table class="codes"><tr><td style="white-space:nowrap"><b>Code</b></td><td><b>Display</b></td></tr><tr><td style="white-space:nowrap">84<a name="BRTipoEstabelecimentoSaude-84"> </a></td><td>CENTRAL DE ABASTECIMENTO</td></tr><tr><td style="white-space:nowrap">68<a name="BRTipoEstabelecimentoSaude-68"> </a></td><td>CENTRAL DE GESTAO EM SAUDE</td></tr><tr><td style="white-space:nowrap">82<a name="BRTipoEstabelecimentoSaude-82"> </a></td><td>CENTRAL DE NOTIFICACAO,CAPTACAO E DISTRIB DE ORGAOS ESTADUAL</td></tr><tr><td style="white-space:nowrap">64<a name="BRTipoEstabelecimentoSaude-64"> </a></td><td>CENTRAL DE REGULACAO DE SERVICOS DE SAUDE</td></tr><tr><td style="white-space:nowrap">81<a name="BRTipoEstabelecimentoSaude-81"> </a></td><td>CENTRAL DE REGULACAO DO ACESSO</td></tr><tr><td style="white-space:nowrap">76<a name="BRTipoEstabelecimentoSaude-76"> </a></td><td>CENTRAL DE REGULACAO MEDICA DAS URGENCIAS</td></tr><tr><td style="white-space:nowrap">71<a name="BRTipoEstabelecimentoSaude-71"> </a></td><td>CENTRO DE APOIO A SAUDE DA FAMILIA</td></tr><tr><td style="white-space:nowrap">69<a name="BRTipoEstabelecimentoSaude-69"> </a></td><td>CENTRO DE ATENCAO HEMOTERAPIA E OU HEMATOLOGICA</td></tr><tr><td style="white-space:nowrap">70<a name="BRTipoEstabelecimentoSaude-70"> </a></td><td>CENTRO DE ATENCAO PSICOSSOCIAL</td></tr><tr><td style="white-space:nowrap">85<a name="BRTipoEstabelecimentoSaude-85"> </a></td><td>CENTRO DE IMUNIZACAO</td></tr><tr><td style="white-space:nowrap">61<a name="BRTipoEstabelecimentoSaude-61"> </a></td><td>CENTRO DE PARTO NORMAL - ISOLADO</td></tr><tr><td style="white-space:nowrap">2<a name="BRTipoEstabelecimentoSaude-2"> </a></td><td>CENTRO DE SAUDE/UNIDADE BASICA</td></tr><tr><td style="white-space:nowrap">36<a name="BRTipoEstabelecimentoSaude-36"> </a></td><td>CLINICA/CENTRO DE ESPECIALIDADE</td></tr><tr><td style="white-space:nowrap">22<a name="BRTipoEstabelecimentoSaude-22"> </a></td><td>CONSULTORIO ISOLADO</td></tr><tr><td style="white-space:nowrap">60<a name="BRTipoEstabelecimentoSaude-60"> </a></td><td>COOPERATIVA OU EMPRESA DE CESSAO DE TRABALHADORES NA SAUDE</td></tr><tr><td style="white-space:nowrap">43<a name="BRTipoEstabelecimentoSaude-43"> </a></td><td>FARMACIA</td></tr><tr><td style="white-space:nowrap">7<a name="BRTipoEstabelecimentoSaude-7"> </a></td><td>HOSPITAL ESPECIALIZADO</td></tr><tr><td style="white-space:nowrap">5<a name="BRTipoEstabelecimentoSaude-5"> </a></td><td>HOSPITAL GERAL</td></tr><tr><td style="white-space:nowrap">62<a name="BRTipoEstabelecimentoSaude-62"> </a></td><td>HOSPITAL/DIA - ISOLADO</td></tr><tr><td style="white-space:nowrap">67<a name="BRTipoEstabelecimentoSaude-67"> </a></td><td>LABORATORIO CENTRAL DE SAUDE PUBLICA LACEN</td></tr><tr><td style="white-space:nowrap">80<a name="BRTipoEstabelecimentoSaude-80"> </a></td><td>LABORATORIO DE SAUDE PUBLICA</td></tr><tr><td style="white-space:nowrap">79<a name="BRTipoEstabelecimentoSaude-79"> </a></td><td>OFICINA ORTOPEDICA</td></tr><tr><td style="white-space:nowrap">4<a name="BRTipoEstabelecimentoSaude-4"> </a></td><td>POLICLINICA</td></tr><tr><td style="white-space:nowrap">74<a name="BRTipoEstabelecimentoSaude-74"> </a></td><td>POLO ACADEMIA DA SAUDE</td></tr><tr><td style="white-space:nowrap">83<a name="BRTipoEstabelecimentoSaude-83"> </a></td><td>POLO DE PREVENCAO DE DOENCAS E AGRAVOS E PROMOCAO DA SAUDE</td></tr><tr><td style="white-space:nowrap">1<a name="BRTipoEstabelecimentoSaude-1"> </a></td><td>POSTO DE SAUDE</td></tr><tr><td style="white-space:nowrap">73<a name="BRTipoEstabelecimentoSaude-73"> </a></td><td>PRONTO ATENDIMENTO</td></tr><tr><td style="white-space:nowrap">21<a name="BRTipoEstabelecimentoSaude-21"> </a></td><td>PRONTO SOCORRO ESPECIALIZADO</td></tr><tr><td style="white-space:nowrap">20<a name="BRTipoEstabelecimentoSaude-20"> </a></td><td>PRONTO SOCORRO GERAL</td></tr><tr><td style="white-space:nowrap">77<a name="BRTipoEstabelecimentoSaude-77"> </a></td><td>SERVICO DE ATENCAO DOMICILIAR ISOLADO(HOME CARE)</td></tr><tr><td style="white-space:nowrap">75<a name="BRTipoEstabelecimentoSaude-75"> </a></td><td>TELESSAUDE</td></tr><tr><td style="white-space:nowrap">39<a name="BRTipoEstabelecimentoSaude-39"> </a></td><td>UNIDADE DE APOIO DIAGNOSE E TERAPIA (SADT ISOLADO)</td></tr><tr><td style="white-space:nowrap">72<a name="BRTipoEstabelecimentoSaude-72"> </a></td><td>UNIDADE DE ATENCAO A SAUDE INDIGENA</td></tr><tr><td style="white-space:nowrap">78<a name="BRTipoEstabelecimentoSaude-78"> </a></td><td>UNIDADE DE ATENCAO EM REGIME RESIDENCIAL</td></tr><tr><td style="white-space:nowrap">50<a name="BRTipoEstabelecimentoSaude-50"> </a></td><td>UNIDADE DE VIGILANCIA EM SAUDE</td></tr><tr><td style="white-space:nowrap">15<a name="BRTipoEstabelecimentoSaude-15"> </a></td><td>UNIDADE MISTA</td></tr><tr><td style="white-space:nowrap">42<a name="BRTipoEstabelecimentoSaude-42"> </a></td><td>UNIDADE MOVEL DE NIVEL PRE-HOSPITALAR NA AREA DE URGENCIA</td></tr><tr><td style="white-space:nowrap">32<a name="BRTipoEstabelecimentoSaude-32"> </a></td><td>UNIDADE MOVEL FLUVIAL</td></tr><tr><td style="white-space:nowrap">40<a name="BRTipoEstabelecimentoSaude-40"> </a></td><td>UNIDADE MOVEL TERRESTRE</td></tr></table></div></text><url value="http://www.saude.gov.br/fhir/r4/CodeSystem/BRTipoEstabelecimentoSaude"/><version value="0.2.0"/><name value="BRTipoEstabelecimentoSaude"/><title value="Tipo de Estabelecimento de Saúde"/><status value="active"/><experimental value="false"/><date value="2020-03-11T18:25:27.5167216+00:00"/><publisher value="Ministério da Saúde"/><contact><telecom><system value="url"/><value value="https://www.gov.br/saude/pt-br"/></telecom></contact><description value="Códigos para representação de tipos de estabelecimentos de saúde, de acordo com codificação já existente para o Cadastro Nacional de Estabelecimentos de Saúde (CNES)."/><jurisdiction><coding><system value="http://unstats.un.org/unsd/methods/m49/m49.htm"/><code value="001"/></coding></jurisdiction><content value="complete"/><concept><code value="84"/><display value="CENTRAL DE ABASTECIMENTO"/></concept><concept><code value="68"/><display value="CENTRAL DE GESTAO EM SAUDE"/></concept><concept><code value="82"/><display value="CENTRAL DE NOTIFICACAO,CAPTACAO E DISTRIB DE ORGAOS ESTADUAL"/></concept><concept><code value="64"/><display value="CENTRAL DE REGULACAO DE SERVICOS DE SAUDE"/></concept><concept><code value="81"/><display value="CENTRAL DE REGULACAO DO ACESSO"/></concept><concept><code value="76"/><display value="CENTRAL DE REGULACAO MEDICA DAS URGENCIAS"/></concept><concept><code value="71"/><display value="CENTRO DE APOIO A SAUDE DA FAMILIA"/></concept><concept><code value="69"/><display value="CENTRO DE ATENCAO HEMOTERAPIA E OU HEMATOLOGICA"/></concept><concept><code value="70"/><display value="CENTRO DE ATENCAO PSICOSSOCIAL"/></concept><concept><code value="85"/><display value="CENTRO DE IMUNIZACAO"/></concept><concept><code value="61"/><display value="CENTRO DE PARTO NORMAL - ISOLADO"/></concept><concept><code value="2"/><display value="CENTRO DE SAUDE/UNIDADE BASICA"/></concept><concept><code value="36"/><display value="CLINICA/CENTRO DE ESPECIALIDADE"/></concept><concept><code value="22"/><display value="CONSULTORIO ISOLADO"/></concept><concept><code value="60"/><display value="COOPERATIVA OU EMPRESA DE CESSAO DE TRABALHADORES NA SAUDE"/></concept><concept><code value="43"/><display value="FARMACIA"/></concept><concept><code value="7"/><display value="HOSPITAL ESPECIALIZADO"/></concept><concept><code value="5"/><display value="HOSPITAL GERAL"/></concept><concept><code value="62"/><display value="HOSPITAL/DIA - ISOLADO"/></concept><concept><code value="67"/><display value="LABORATORIO CENTRAL DE SAUDE PUBLICA LACEN"/></concept><concept><code value="80"/><display value="LABORATORIO DE SAUDE PUBLICA"/></concept><concept><code value="79"/><display value="OFICINA ORTOPEDICA"/></concept><concept><code value="4"/><display value="POLICLINICA"/></concept><concept><code value="74"/><display value="POLO ACADEMIA DA SAUDE"/></concept><concept><code value="83"/><display value="POLO DE PREVENCAO DE DOENCAS E AGRAVOS E PROMOCAO DA SAUDE"/></concept><concept><code value="1"/><display value="POSTO DE SAUDE"/></concept><concept><code value="73"/><display value="PRONTO ATENDIMENTO"/></concept><concept><code value="21"/><display value="PRONTO SOCORRO ESPECIALIZADO"/></concept><concept><code value="20"/><display value="PRONTO SOCORRO GERAL"/></concept><concept><code value="77"/><display value="SERVICO DE ATENCAO DOMICILIAR ISOLADO(HOME CARE)"/></concept><concept><code value="75"/><display value="TELESSAUDE"/></concept><concept><code value="39"/><display value="UNIDADE DE APOIO DIAGNOSE E TERAPIA (SADT ISOLADO)"/></concept><concept><code value="72"/><display value="UNIDADE DE ATENCAO A SAUDE INDIGENA"/></concept><concept><code value="78"/><display value="UNIDADE DE ATENCAO EM REGIME RESIDENCIAL"/></concept><concept><code value="50"/><display value="UNIDADE DE VIGILANCIA EM SAUDE"/></concept><concept><code value="15"/><display value="UNIDADE MISTA"/></concept><concept><code value="42"/><display value="UNIDADE MOVEL DE NIVEL PRE-HOSPITALAR NA AREA DE URGENCIA"/></concept><concept><code value="32"/><display value="UNIDADE MOVEL FLUVIAL"/></concept><concept><code value="40"/><display value="UNIDADE MOVEL TERRESTRE"/></concept></CodeSystem>