<?xml version="1.0" encoding="UTF-8"?><CodeSystem xmlns="http://hl7.org/fhir"><id value="BRGrupoAtendimento"/><language value="pt-BR"/><text><status value="generated"/><div xmlns="http://www.w3.org/1999/xhtml" xml:lang="pt-BR" lang="pt-BR"><p>This code system http://www.saude.gov.br/fhir/r4/CodeSystem/BRGrupoAtendimento defines the following codes:</p><table class="codes"><tr><td style="white-space:nowrap"><b>Code</b></td><td><b>Display</b></td></tr><tr><td style="white-space:nowrap">00<a name="BRGrupoAtendimento-00"> </a></td><td>Sem registro no modelo de informação de origem</td></tr><tr><td style="white-space:nowrap">000101<a name="BRGrupoAtendimento-000101"> </a></td><td>Hemoglobinopatia grave</td></tr><tr><td style="white-space:nowrap">000102<a name="BRGrupoAtendimento-000102"> </a></td><td>Neoplasias</td></tr><tr><td style="white-space:nowrap">000103<a name="BRGrupoAtendimento-000103"> </a></td><td>Diabetes Mellitus</td></tr><tr><td style="white-space:nowrap">000104<a name="BRGrupoAtendimento-000104"> </a></td><td>Pneumopatias Crônicas Graves</td></tr><tr><td style="white-space:nowrap">000105<a name="BRGrupoAtendimento-000105"> </a></td><td>Doença Renal Crônica</td></tr><tr><td style="white-space:nowrap">000106<a name="BRGrupoAtendimento-000106"> </a></td><td>Doenças Cardiovasculares e Cerebrovasculares</td></tr><tr><td style="white-space:nowrap">000107<a name="BRGrupoAtendimento-000107"> </a></td><td>Hipertensão de difícil controle ou com complicações/lesão de órgão alvo</td></tr><tr><td style="white-space:nowrap">000108<a name="BRGrupoAtendimento-000108"> </a></td><td>Indivíduos Transplantados de Órgão Sólido</td></tr><tr><td style="white-space:nowrap">000109<a name="BRGrupoAtendimento-000109"> </a></td><td>Obesidade Grave (Imc≥40)</td></tr><tr><td style="white-space:nowrap">000110<a name="BRGrupoAtendimento-000110"> </a></td><td>Síndrome de Down</td></tr><tr><td style="white-space:nowrap">000111<a name="BRGrupoAtendimento-000111"> </a></td><td>Outros Imunocomprometidos</td></tr><tr><td style="white-space:nowrap">000112<a name="BRGrupoAtendimento-000112"> </a></td><td>Indivíduos Transplantados de Medula Óssea</td></tr><tr><td style="white-space:nowrap">000114<a name="BRGrupoAtendimento-000114"> </a></td><td>Cirrose hepática</td></tr><tr><td style="white-space:nowrap">000115<a name="BRGrupoAtendimento-000115"> </a></td><td>Doença neurológica crônica</td></tr><tr><td style="white-space:nowrap">000116<a name="BRGrupoAtendimento-000116"> </a></td><td>Doença cardiovascular</td></tr><tr><td style="white-space:nowrap">000201<a name="BRGrupoAtendimento-000201"> </a></td><td>Pessoas de 18 a 64 anos</td></tr><tr><td style="white-space:nowrap">000202<a name="BRGrupoAtendimento-000202"> </a></td><td>Pessoas de 65 a 69 anos</td></tr><tr><td style="white-space:nowrap">000203<a name="BRGrupoAtendimento-000203"> </a></td><td>Pessoas de 70 a 74 anos</td></tr><tr><td style="white-space:nowrap">000204<a name="BRGrupoAtendimento-000204"> </a></td><td>Pessoas de 75 a 79 anos</td></tr><tr><td style="white-space:nowrap">000205<a name="BRGrupoAtendimento-000205"> </a></td><td>Pessoas de 80 anos ou mais</td></tr><tr><td style="white-space:nowrap">000206<a name="BRGrupoAtendimento-000206"> </a></td><td>Pessoas de 12 a 17 anos</td></tr><tr><td style="white-space:nowrap">000301<a name="BRGrupoAtendimento-000301"> </a></td><td>Pessoas de 60 nos ou mais Institucionalizadas</td></tr><tr><td style="white-space:nowrap">000401<a name="BRGrupoAtendimento-000401"> </a></td><td>Marinha do Brasil - MB</td></tr><tr><td style="white-space:nowrap">000402<a name="BRGrupoAtendimento-000402"> </a></td><td>Exército Brasileiro - EB</td></tr><tr><td style="white-space:nowrap">000403<a name="BRGrupoAtendimento-000403"> </a></td><td>Força Aérea Brasileira - FAB</td></tr><tr><td style="white-space:nowrap">000501<a name="BRGrupoAtendimento-000501"> </a></td><td>Bombeiro Civil</td></tr><tr><td style="white-space:nowrap">000502<a name="BRGrupoAtendimento-000502"> </a></td><td>Bombeiro Militar</td></tr><tr><td style="white-space:nowrap">000503<a name="BRGrupoAtendimento-000503"> </a></td><td>Guarda Municipal</td></tr><tr><td style="white-space:nowrap">000504<a name="BRGrupoAtendimento-000504"> </a></td><td>Policial Rodoviário Federal</td></tr><tr><td style="white-space:nowrap">000505<a name="BRGrupoAtendimento-000505"> </a></td><td>Policial Civil</td></tr><tr><td style="white-space:nowrap">000506<a name="BRGrupoAtendimento-000506"> </a></td><td>Policial Federal</td></tr><tr><td style="white-space:nowrap">000507<a name="BRGrupoAtendimento-000507"> </a></td><td>Policial Militar</td></tr><tr><td style="white-space:nowrap">000601<a name="BRGrupoAtendimento-000601"> </a></td><td>Quilombola</td></tr><tr><td style="white-space:nowrap">000602<a name="BRGrupoAtendimento-000602"> </a></td><td>Ribeirinha</td></tr><tr><td style="white-space:nowrap">000701<a name="BRGrupoAtendimento-000701"> </a></td><td>Povos indígenas em terras indígenas</td></tr><tr><td style="white-space:nowrap">000801<a name="BRGrupoAtendimento-000801"> </a></td><td>Ensino Básico</td></tr><tr><td style="white-space:nowrap">000802<a name="BRGrupoAtendimento-000802"> </a></td><td>Ensino Superior</td></tr><tr><td style="white-space:nowrap">000901<a name="BRGrupoAtendimento-000901"> </a></td><td>Auxiliar de Veterinário</td></tr><tr><td style="white-space:nowrap">000902<a name="BRGrupoAtendimento-000902"> </a></td><td>Biólogo</td></tr><tr><td style="white-space:nowrap">000903<a name="BRGrupoAtendimento-000903"> </a></td><td>Biomédico</td></tr><tr><td style="white-space:nowrap">000904<a name="BRGrupoAtendimento-000904"> </a></td><td>Cozinheiro e Auxiliares</td></tr><tr><td style="white-space:nowrap">000905<a name="BRGrupoAtendimento-000905"> </a></td><td>Cuidador de Idosos</td></tr><tr><td style="white-space:nowrap">000906<a name="BRGrupoAtendimento-000906"> </a></td><td>Doula/Parteira</td></tr><tr><td style="white-space:nowrap">000907<a name="BRGrupoAtendimento-000907"> </a></td><td>Enfermeiro(a)</td></tr><tr><td style="white-space:nowrap">000908<a name="BRGrupoAtendimento-000908"> </a></td><td>Farmacêutico</td></tr><tr><td style="white-space:nowrap">000909<a name="BRGrupoAtendimento-000909"> </a></td><td>Fisioterapeutas</td></tr><tr><td style="white-space:nowrap">000910<a name="BRGrupoAtendimento-000910"> </a></td><td>Fonoaudiólogo</td></tr><tr><td style="white-space:nowrap">000911<a name="BRGrupoAtendimento-000911"> </a></td><td>Funcionário do Sistema Funerário que tenham contato com cadáveres potencialmente contaminados</td></tr><tr><td style="white-space:nowrap">000912<a name="BRGrupoAtendimento-000912"> </a></td><td>Médico</td></tr><tr><td style="white-space:nowrap">000913<a name="BRGrupoAtendimento-000913"> </a></td><td>Médico Veterinário</td></tr><tr><td style="white-space:nowrap">000914<a name="BRGrupoAtendimento-000914"> </a></td><td>Motorista de Ambulância</td></tr><tr><td style="white-space:nowrap">000915<a name="BRGrupoAtendimento-000915"> </a></td><td>Nutricionista</td></tr><tr><td style="white-space:nowrap">000916<a name="BRGrupoAtendimento-000916"> </a></td><td>Odontologista</td></tr><tr><td style="white-space:nowrap">000917<a name="BRGrupoAtendimento-000917"> </a></td><td>Profissionais e Auxiliares de limpeza</td></tr><tr><td style="white-space:nowrap">000918<a name="BRGrupoAtendimento-000918"> </a></td><td>Profissionais de Educação Física</td></tr><tr><td style="white-space:nowrap">000919<a name="BRGrupoAtendimento-000919"> </a></td><td>Psicólogo</td></tr><tr><td style="white-space:nowrap">000920<a name="BRGrupoAtendimento-000920"> </a></td><td>Recepcionista</td></tr><tr><td style="white-space:nowrap">000921<a name="BRGrupoAtendimento-000921"> </a></td><td>Segurança</td></tr><tr><td style="white-space:nowrap">000922<a name="BRGrupoAtendimento-000922"> </a></td><td>Assistente Social</td></tr><tr><td style="white-space:nowrap">000923<a name="BRGrupoAtendimento-000923"> </a></td><td>Técnico de Enfermagem</td></tr><tr><td style="white-space:nowrap">000924<a name="BRGrupoAtendimento-000924"> </a></td><td>Técnico de Veterinário</td></tr><tr><td style="white-space:nowrap">000925<a name="BRGrupoAtendimento-000925"> </a></td><td>Terapeuta Ocupacional</td></tr><tr><td style="white-space:nowrap">000926<a name="BRGrupoAtendimento-000926"> </a></td><td>Outros</td></tr><tr><td style="white-space:nowrap">000927<a name="BRGrupoAtendimento-000927"> </a></td><td>Auxiliar de Enfermagem</td></tr><tr><td style="white-space:nowrap">000928<a name="BRGrupoAtendimento-000928"> </a></td><td>Técnico de Odontologia</td></tr><tr><td style="white-space:nowrap">000929<a name="BRGrupoAtendimento-000929"> </a></td><td>Acadêmicos/estudantes em estágio em estabelecimentos de saúde</td></tr><tr><td style="white-space:nowrap">000930<a name="BRGrupoAtendimento-000930"> </a></td><td>Agente de Combate a Endemias - ACE</td></tr><tr><td style="white-space:nowrap">000931<a name="BRGrupoAtendimento-000931"> </a></td><td>Agente Comunitário de Saúde - ACS</td></tr><tr><td style="white-space:nowrap">000932<a name="BRGrupoAtendimento-000932"> </a></td><td>Auxiliar em Saúde Bucal - ASB</td></tr><tr><td style="white-space:nowrap">000933<a name="BRGrupoAtendimento-000933"> </a></td><td>Técnico em Saúde Bucal - TSB</td></tr><tr><td style="white-space:nowrap">001001<a name="BRGrupoAtendimento-001001"> </a></td><td>Aéreo</td></tr><tr><td style="white-space:nowrap">001002<a name="BRGrupoAtendimento-001002"> </a></td><td>Caminhoneiro</td></tr><tr><td style="white-space:nowrap">001003<a name="BRGrupoAtendimento-001003"> </a></td><td>Coletivo Rodoviário Passageiros Urbano e de Longo Curso</td></tr><tr><td style="white-space:nowrap">001004<a name="BRGrupoAtendimento-001004"> </a></td><td>Ferroviário</td></tr><tr><td style="white-space:nowrap">001005<a name="BRGrupoAtendimento-001005"> </a></td><td>Metroviário</td></tr><tr><td style="white-space:nowrap">001006<a name="BRGrupoAtendimento-001006"> </a></td><td>Aquaviário</td></tr><tr><td style="white-space:nowrap">001101<a name="BRGrupoAtendimento-001101"> </a></td><td>Pessoas com Deficiência Institucionalizadas</td></tr><tr><td style="white-space:nowrap">001102<a name="BRGrupoAtendimento-001102"> </a></td><td>Pessoas com Deficiência Permanente</td></tr><tr><td style="white-space:nowrap">001201<a name="BRGrupoAtendimento-001201"> </a></td><td>Pessoas em Situação de Rua</td></tr><tr><td style="white-space:nowrap">001301<a name="BRGrupoAtendimento-001301"> </a></td><td>Trabalhadores Portuários</td></tr><tr><td style="white-space:nowrap">001401<a name="BRGrupoAtendimento-001401"> </a></td><td>Funcionário do Sistema de Privação de Liberdade</td></tr><tr><td style="white-space:nowrap">001501<a name="BRGrupoAtendimento-001501"> </a></td><td>População Privada de Liberdade</td></tr><tr><td style="white-space:nowrap">001601<a name="BRGrupoAtendimento-001601"> </a></td><td>Trabalhadores Industriais</td></tr><tr><td style="white-space:nowrap">001701<a name="BRGrupoAtendimento-001701"> </a></td><td>Trabalhadores de limpeza urbana e manejo de resíduos sólidos</td></tr><tr><td style="white-space:nowrap">001801<a name="BRGrupoAtendimento-001801"> </a></td><td>Gestante</td></tr><tr><td style="white-space:nowrap">001901<a name="BRGrupoAtendimento-001901"> </a></td><td>Puérpera</td></tr><tr><td style="white-space:nowrap">999999<a name="BRGrupoAtendimento-999999"> </a></td><td>Outros Grupos</td></tr></table></div></text><url value="http://www.saude.gov.br/fhir/r4/CodeSystem/BRGrupoAtendimento"/><version value="0.2.0"/><name value="BRGrupoAtendimento"/><title value="Grupo de Atendimento"/><status value="active"/><experimental value="false"/><date value="2021-08-20T14:59:27.326+00:00"/><publisher value="Ministério da Saúde"/><contact><telecom><system value="url"/><value value="https://www.gov.br/saude/pt-br"/></telecom></contact><description value="Domínio que identifica o tipo de grupo de atendimento que o indivíduo apresentou para a vacinação em campanha."/><jurisdiction><coding><system value="http://unstats.un.org/unsd/methods/m49/m49.htm"/><code value="001"/></coding></jurisdiction><content value="complete"/><concept><code value="00"/><display value="Sem registro no modelo de informação de origem"/></concept><concept><code value="000101"/><display value="Hemoglobinopatia grave"/></concept><concept><code value="000102"/><display value="Neoplasias"/></concept><concept><code value="000103"/><display value="Diabetes Mellitus"/></concept><concept><code value="000104"/><display value="Pneumopatias Crônicas Graves"/></concept><concept><code value="000105"/><display value="Doença Renal Crônica"/></concept><concept><code value="000106"/><display value="Doenças Cardiovasculares e Cerebrovasculares"/><property><code value="inativo"/><valueBoolean value="true"/></property></concept><concept><code value="000107"/><display value="Hipertensão de difícil controle ou com complicações/lesão de órgão alvo"/></concept><concept><code value="000108"/><display value="Indivíduos Transplantados de Órgão Sólido"/></concept><concept><code value="000109"/><display value="Obesidade Grave (Imc≥40)"/></concept><concept><code value="000110"/><display value="Síndrome de Down"/></concept><concept><code value="000111"/><display value="Outros Imunocomprometidos"/></concept><concept><code value="000112"/><display value="Indivíduos Transplantados de Medula Óssea"/></concept><concept><code value="000114"/><display value="Cirrose hepática"/></concept><concept><code value="000115"/><display value="Doença neurológica crônica"/></concept><concept><code value="000116"/><display value="Doença cardiovascular"/></concept><concept><code value="000201"/><display value="Pessoas de 18 a 64 anos"/></concept><concept><code value="000202"/><display value="Pessoas de 65 a 69 anos"/></concept><concept><code value="000203"/><display value="Pessoas de 70 a 74 anos"/></concept><concept><code value="000204"/><display value="Pessoas de 75 a 79 anos"/></concept><concept><code value="000205"/><display value="Pessoas de 80 anos ou mais"/></concept><concept><code value="000206"/><display value="Pessoas de 12 a 17 anos"/></concept><concept><code value="000301"/><display value="Pessoas de 60 nos ou mais Institucionalizadas"/></concept><concept><code value="000401"/><display value="Marinha do Brasil - MB"/></concept><concept><code value="000402"/><display value="Exército Brasileiro - EB"/></concept><concept><code value="000403"/><display value="Força Aérea Brasileira - FAB"/></concept><concept><code value="000501"/><display value="Bombeiro Civil"/></concept><concept><code value="000502"/><display value="Bombeiro Militar"/></concept><concept><code value="000503"/><display value="Guarda Municipal"/></concept><concept><code value="000504"/><display value="Policial Rodoviário Federal"/></concept><concept><code value="000505"/><display value="Policial Civil"/></concept><concept><code value="000506"/><display value="Policial Federal"/></concept><concept><code value="000507"/><display value="Policial Militar"/></concept><concept><code value="000601"/><display value="Quilombola"/></concept><concept><code value="000602"/><display value="Ribeirinha"/></concept><concept><code value="000701"/><display value="Povos indígenas em terras indígenas"/></concept><concept><code value="000801"/><display value="Ensino Básico"/></concept><concept><code value="000802"/><display value="Ensino Superior"/></concept><concept><code value="000901"/><display value="Auxiliar de Veterinário"/></concept><concept><code value="000902"/><display value="Biólogo"/></concept><concept><code value="000903"/><display value="Biomédico"/></concept><concept><code value="000904"/><display value="Cozinheiro e Auxiliares"/></concept><concept><code value="000905"/><display value="Cuidador de Idosos"/></concept><concept><code value="000906"/><display value="Doula/Parteira"/></concept><concept><code value="000907"/><display value="Enfermeiro(a)"/></concept><concept><code value="000908"/><display value="Farmacêutico"/></concept><concept><code value="000909"/><display value="Fisioterapeutas"/></concept><concept><code value="000910"/><display value="Fonoaudiólogo"/></concept><concept><code value="000911"/><display value="Funcionário do Sistema Funerário que tenham contato com cadáveres potencialmente contaminados"/></concept><concept><code value="000912"/><display value="Médico"/></concept><concept><code value="000913"/><display value="Médico Veterinário"/></concept><concept><code value="000914"/><display value="Motorista de Ambulância"/></concept><concept><code value="000915"/><display value="Nutricionista"/></concept><concept><code value="000916"/><display value="Odontologista"/></concept><concept><code value="000917"/><display value="Profissionais e Auxiliares de limpeza"/></concept><concept><code value="000918"/><display value="Profissionais de Educação Física"/></concept><concept><code value="000919"/><display value="Psicólogo"/></concept><concept><code value="000920"/><display value="Recepcionista"/></concept><concept><code value="000921"/><display value="Segurança"/></concept><concept><code value="000922"/><display value="Assistente Social"/></concept><concept><code value="000923"/><display value="Técnico de Enfermagem"/></concept><concept><code value="000924"/><display value="Técnico de Veterinário"/></concept><concept><code value="000925"/><display value="Terapeuta Ocupacional"/></concept><concept><code value="000926"/><display value="Outros"/></concept><concept><code value="000927"/><display value="Auxiliar de Enfermagem"/></concept><concept><code value="000928"/><display value="Técnico de Odontologia"/></concept><concept><code value="000929"/><display value="Acadêmicos/estudantes em estágio em estabelecimentos de saúde"/></concept><concept><code value="000930"/><display value="Agente de Combate a Endemias - ACE"/></concept><concept><code value="000931"/><display value="Agente Comunitário de Saúde - ACS"/></concept><concept><code value="000932"/><display value="Auxiliar em Saúde Bucal - ASB"/></concept><concept><code value="000933"/><display value="Técnico em Saúde Bucal - TSB"/></concept><concept><code value="001001"/><display value="Aéreo"/></concept><concept><code value="001002"/><display value="Caminhoneiro"/></concept><concept><code value="001003"/><display value="Coletivo Rodoviário Passageiros Urbano e de Longo Curso"/></concept><concept><code value="001004"/><display value="Ferroviário"/></concept><concept><code value="001005"/><display value="Metroviário"/></concept><concept><code value="001006"/><display value="Aquaviário"/></concept><concept><code value="001101"/><display value="Pessoas com Deficiência Institucionalizadas"/></concept><concept><code value="001102"/><display value="Pessoas com Deficiência Permanente"/></concept><concept><code value="001201"/><display value="Pessoas em Situação de Rua"/></concept><concept><code value="001301"/><display value="Trabalhadores Portuários"/></concept><concept><code value="001401"/><display value="Funcionário do Sistema de Privação de Liberdade"/></concept><concept><code value="001501"/><display value="População Privada de Liberdade"/></concept><concept><code value="001601"/><display value="Trabalhadores Industriais"/></concept><concept><code value="001701"/><display value="Trabalhadores de limpeza urbana e manejo de resíduos sólidos"/></concept><concept><code value="001801"/><display value="Gestante"/></concept><concept><code value="001901"/><display value="Puérpera"/></concept><concept><code value="999999"/><display value="Outros Grupos"/><property><code value="inativo"/><valueBoolean value="true"/></property></concept></CodeSystem>