<?xml version="1.0" encoding="UTF-8"?><CodeSystem xmlns="http://hl7.org/fhir"><id value="BRLocalAplicacao"/><meta><lastUpdated value="2021-08-26T15:15:34.465-03:00"/></meta><language value="pt"/><text><status value="generated"/><div xmlns="http://www.w3.org/1999/xhtml" xml:lang="pt" lang="pt"><p>This code system http://www.saude.gov.br/fhir/r4/CodeSystem/BRLocalAplicacao defines the following codes:</p><table class="codes"><tr><td style="white-space:nowrap"><b>Code</b></td><td><b>Display</b></td></tr><tr><td style="white-space:nowrap">0<a name="BRLocalAplicacao-0"> </a></td><td>Sem registro no sistema de informação de origem</td></tr><tr><td style="white-space:nowrap">1<a name="BRLocalAplicacao-1"> </a></td><td>Deltóide Direito</td></tr><tr><td style="white-space:nowrap">2<a name="BRLocalAplicacao-2"> </a></td><td>Deltóide Esquerdo</td></tr><tr><td style="white-space:nowrap">3<a name="BRLocalAplicacao-3"> </a></td><td>Vasto Lateral da Coxa Direita</td></tr><tr><td style="white-space:nowrap">4<a name="BRLocalAplicacao-4"> </a></td><td>Vasto Lateral da Coxa Esquerda</td></tr><tr><td style="white-space:nowrap">5<a name="BRLocalAplicacao-5"> </a></td><td>Ventroglúteo Direito</td></tr><tr><td style="white-space:nowrap">6<a name="BRLocalAplicacao-6"> </a></td><td>Ventroglúteo Esquerdo</td></tr><tr><td style="white-space:nowrap">7<a name="BRLocalAplicacao-7"> </a></td><td>Glúteo</td></tr><tr><td style="white-space:nowrap">8<a name="BRLocalAplicacao-8"> </a></td><td>Ferimento Local</td></tr><tr><td style="white-space:nowrap">9<a name="BRLocalAplicacao-9"> </a></td><td>Boca</td></tr></table></div></text><url value="http://www.saude.gov.br/fhir/r4/CodeSystem/BRLocalAplicacao"/><version value="0.2.0"/><name value="BRLocalAplicacao"/><title value="Local de Aplicação"/><status value="active"/><experimental value="false"/><date value="2020-03-11T18:15:54.9540124+00:00"/><publisher value="Ministério da Saúde"/><contact><telecom><system value="url"/><value value="https://www.gov.br/saude/pt-br"/></telecom></contact><description value="Define a localização anatômica de aplicação de uma substância"/><jurisdiction><coding><system value="http://unstats.un.org/unsd/methods/m49/m49.htm"/><code value="001"/></coding></jurisdiction><content value="complete"/><concept><code value="0"/><display value="Sem registro no sistema de informação de origem"/></concept><concept><code value="1"/><display value="Deltóide Direito"/></concept><concept><code value="2"/><display value="Deltóide Esquerdo"/></concept><concept><code value="3"/><display value="Vasto Lateral da Coxa Direita"/></concept><concept><code value="4"/><display value="Vasto Lateral da Coxa Esquerda"/></concept><concept><code value="5"/><display value="Ventroglúteo Direito"/></concept><concept><code value="6"/><display value="Ventroglúteo Esquerdo"/></concept><concept><code value="7"/><display value="Glúteo"/></concept><concept><code value="8"/><display value="Ferimento Local"/></concept><concept><code value="9"/><display value="Boca"/></concept></CodeSystem>