<?xml version="1.0" encoding="UTF-8"?><ImplementationGuide xmlns="http://hl7.org/fhir"><id value="example.fhir.uv.myig"/><text><status value="extensions"/><div xmlns="http://www.w3.org/1999/xhtml"><h2>IGRNDS</h2><p>The official URL for this implementation guide is: </p><pre>http://www.saude.gov.br/fhir/r4/ImplementationGuide/rnds</pre><div><p>Guia de Implementação FHIR da Rede Nacional de Dados em Saúde</p>
</div></div></text><url value="http://www.saude.gov.br/fhir/r4/ImplementationGuide/rnds"/><version value="0.2.0"/><name value="IGRNDS"/><title value="Implementation Guide RNDS"/><status value="draft"/><experimental value="false"/><date value="2021-11-30T19:57:56-03:00"/><publisher value="Ministério da Saúde"/><contact><telecom><system value="url"/><value value="https://www.gov.br/saude/pt-br"/></telecom></contact><description value="Guia de Implementação FHIR da Rede Nacional de Dados em Saúde"/><jurisdiction><coding><system value="http://unstats.un.org/unsd/methods/m49/m49.htm"/><code value="001"/></coding></jurisdiction><packageId value="example.fhir.uv.myig"/><license value="CC0-1.0"/><fhirVersion value="4.0.1"/><definition><extension url="http://hl7.org/fhir/tools/StructureDefinition/ig-parameter"><extension url="code"><valueString value="copyrightyear"/></extension><extension url="value"><valueString value="2021+"/></extension></extension><extension url="http://hl7.org/fhir/tools/StructureDefinition/ig-parameter"><extension url="code"><valueString value="releaselabel"/></extension><extension url="value"><valueString value="Build de Integração Contínua"/></extension></extension><extension url="http://hl7.org/fhir/tools/StructureDefinition/ig-parameter"><extension url="code"><valueString value="path-binary"/></extension><extension url="value"><valueString value="input\cql"/></extension></extension><extension url="http://hl7.org/fhir/tools/StructureDefinition/ig-parameter"><extension url="code"><valueString value="path-liquid"/></extension><extension url="value"><valueString value="templates\liquid"/></extension></extension><extension url="http://hl7.org/fhir/tools/StructureDefinition/ig-parameter"><extension url="code"><valueString value="shownav"/></extension><extension url="value"><valueString value="true"/></extension></extension><extension url="http://hl7.org/fhir/tools/StructureDefinition/ig-parameter"><extension url="code"><valueString value="showsource"/></extension><extension url="value"><valueString value="true"/></extension></extension><extension url="http://hl7.org/fhir/tools/StructureDefinition/ig-parameter"><extension url="code"><valueString value="autoload-resources"/></extension><extension url="value"><valueString value="true"/></extension></extension><extension url="http://hl7.org/fhir/tools/StructureDefinition/ig-parameter"><extension url="code"><valueString value="path-liquid"/></extension><extension url="value"><valueString value="template/liquid"/></extension></extension><extension url="http://hl7.org/fhir/tools/StructureDefinition/ig-parameter"><extension url="code"><valueString value="path-liquid"/></extension><extension url="value"><valueString value="input/liquid"/></extension></extension><extension url="http://hl7.org/fhir/tools/StructureDefinition/ig-parameter"><extension url="code"><valueString value="path-qa"/></extension><extension url="value"><valueString value="temp/qa"/></extension></extension><extension url="http://hl7.org/fhir/tools/StructureDefinition/ig-parameter"><extension url="code"><valueString value="path-temp"/></extension><extension url="value"><valueString value="temp/pages"/></extension></extension><extension url="http://hl7.org/fhir/tools/StructureDefinition/ig-parameter"><extension url="code"><valueString value="path-output"/></extension><extension url="value"><valueString value="output"/></extension></extension><extension url="http://hl7.org/fhir/tools/StructureDefinition/ig-parameter"><extension url="code"><valueString value="path-suppressed-warnings"/></extension><extension url="value"><valueString value="input/ignoreWarnings.txt"/></extension></extension><extension url="http://hl7.org/fhir/tools/StructureDefinition/ig-parameter"><extension url="code"><valueString value="path-history"/></extension><extension url="value"><valueString value="http://www.saude.gov.br/fhir/r4/history.html"/></extension></extension><extension url="http://hl7.org/fhir/tools/StructureDefinition/ig-parameter"><extension url="code"><valueString value="template-html"/></extension><extension url="value"><valueString value="template-page.html"/></extension></extension><extension url="http://hl7.org/fhir/tools/StructureDefinition/ig-parameter"><extension url="code"><valueString value="template-md"/></extension><extension url="value"><valueString value="template-page-md.html"/></extension></extension><extension url="http://hl7.org/fhir/tools/StructureDefinition/ig-parameter"><extension url="code"><valueString value="apply-contact"/></extension><extension url="value"><valueString value="true"/></extension></extension><extension url="http://hl7.org/fhir/tools/StructureDefinition/ig-parameter"><extension url="code"><valueString value="apply-context"/></extension><extension url="value"><valueString value="true"/></extension></extension><extension url="http://hl7.org/fhir/tools/StructureDefinition/ig-parameter"><extension url="code"><valueString value="apply-copyright"/></extension><extension url="value"><valueString value="true"/></extension></extension><extension url="http://hl7.org/fhir/tools/StructureDefinition/ig-parameter"><extension url="code"><valueString value="apply-jurisdiction"/></extension><extension url="value"><valueString value="true"/></extension></extension><extension url="http://hl7.org/fhir/tools/StructureDefinition/ig-parameter"><extension url="code"><valueString value="apply-license"/></extension><extension url="value"><valueString value="true"/></extension></extension><extension url="http://hl7.org/fhir/tools/StructureDefinition/ig-parameter"><extension url="code"><valueString value="apply-publisher"/></extension><extension url="value"><valueString value="true"/></extension></extension><extension url="http://hl7.org/fhir/tools/StructureDefinition/ig-parameter"><extension url="code"><valueString value="apply-version"/></extension><extension url="value"><valueString value="true"/></extension></extension><extension url="http://hl7.org/fhir/tools/StructureDefinition/ig-parameter"><extension url="code"><valueString value="active-tables"/></extension><extension url="value"><valueString value="true"/></extension></extension><grouping id="-str-profile"><name value="Structures: Resource Profiles"/><description value="These define constraints on FHIR resources for systems conforming to this implementation guide"/></grouping><grouping id="-str-datatype"><name value="Structures: Data Type Profiles"/><description value="These define constraints on FHIR data types for systems conforming to this implementation guide"/></grouping><grouping id="-str-extension"><name value="Structures: Extension Definitions"/><description value="These define constraints on FHIR data types for systems conforming to this implementation guide"/></grouping><grouping id="-term-valueset"><name value="Terminology: Value Sets"/><description value="These define sets of codes used by systems conforming to this implementation guide"/></grouping><grouping id="-term-codesystem"><name value="Terminology: Code Systems"/><description value="These define new code systems used by systems conforming to this implementation guide"/></grouping><grouping id="-ex-example"><name value="Example: Example Instances"/><description value="These are example instances that show what data produced and consumed by systems conforming with this implementation guide might look like"/></grouping><resource><extension url="http://hl7.org/fhir/StructureDefinition/implementationguide-page"><valueUri value="Organization-1234567.html"/></extension><reference><reference value="Organization/1234567"/></reference><name value="Example Organization - 1234567"/><exampleCanonical value="http://www.saude.gov.br/fhir/r4/StructureDefinition/BREstabelecimentoSaude-1.0"/><groupingId value="-ex-example"/></resource><resource><extension url="http://hl7.org/fhir/StructureDefinition/implementationguide-page"><valueUri value="Organization-41004547000495.html"/></extension><reference><reference value="Organization/41004547000495"/></reference><name value="Example Organization - 41004547000495"/><exampleCanonical value="http://www.saude.gov.br/fhir/r4/StructureDefinition/BRPessoaJuridicaProfissionalLiberal-1.0"/><groupingId value="-ex-example"/></resource><resource><extension url="http://hl7.org/fhir/StructureDefinition/implementationguide-page"><valueUri value="Immunization-rdns-brimunobiologicoadministradocampanha.html"/></extension><reference><reference value="Immunization/rdns-brimunobiologicoadministradocampanha"/></reference><name value="Example Immunization - rdns-brimunobiologicoadministradocampanha"/><exampleCanonical value="http://www.saude.gov.br/fhir/r4/StructureDefinition/BRImunobiologicoAdministradoCampanha-2.0"/><groupingId value="-ex-example"/></resource><resource><extension url="http://hl7.org/fhir/StructureDefinition/implementationguide-page"><valueUri value="Patient-712176901347489.html"/></extension><reference><reference value="Patient/712176901347489"/></reference><name value="Example Patient - 712176901347489"/><exampleCanonical value="http://www.saude.gov.br/fhir/r4/StructureDefinition/BRIndividuo-1.0"/><groupingId value="-ex-example"/></resource><resource><extension url="http://hl7.org/fhir/StructureDefinition/implementationguide-page"><valueUri value="Practitioner-980016002400589.html"/></extension><reference><reference value="Practitioner/980016002400589"/></reference><name value="Example Practitioner - 980016002400589"/><exampleCanonical value="http://www.saude.gov.br/fhir/r4/StructureDefinition/BRProfissional-1.0"/><groupingId value="-ex-example"/></resource><resource><extension url="http://hl7.org/fhir/StructureDefinition/implementationguide-page"><valueUri value="Bundle-rnds-brregistroimunobiologicoadministradocampanha-0.html"/></extension><reference><reference value="Bundle/rnds-brregistroimunobiologicoadministradocampanha-0"/></reference><name value="Example Bundle - rnds-brregistroimunobiologicoadministradocampanha-0"/><exampleCanonical value="http://www.saude.gov.br/fhir/r4/StructureDefinition/BRImunobiologicoAdministradoCampanha-2.0"/><groupingId value="-ex-example"/></resource><resource><extension url="http://hl7.org/fhir/StructureDefinition/implementationguide-page"><valueUri value="StructureDefinition-BRAdministradorTerceiro-1.0.html"/></extension><reference><reference value="StructureDefinition/BRAdministradorTerceiro-1.0"/></reference><name value="Gerente/Administrador (Terceiro) ou Interveniente"/><description value="Identifica organizações que são gerentes/administradoras (terceiras) ou intervenientes de outras."/><groupingId value="-str-extension"/></resource><resource><extension url="http://hl7.org/fhir/StructureDefinition/implementationguide-page"><valueUri value="StructureDefinition-BRAtendeSUS-1.0.html"/></extension><reference><reference value="StructureDefinition/BRAtendeSUS-1.0"/></reference><name value="Atende SUS"/><description value="Extensão utilizada para identificar se um profissional ou Estabelecimento de Saúde oferece atendimento pelo Sistema Único de Saúde (SUS)."/><groupingId value="-str-extension"/></resource><resource><extension url="http://hl7.org/fhir/StructureDefinition/implementationguide-page"><valueUri value="StructureDefinition-BRBairro-1.0.html"/></extension><reference><reference value="StructureDefinition/BRBairro-1.0"/></reference><name value="Bairro de um endereço"/><description value="Extensão utilizada para identificar o bairro de um endereço."/><groupingId value="-str-extension"/></resource><resource><extension url="http://hl7.org/fhir/StructureDefinition/implementationguide-page"><valueUri value="CodeSystem-BRCBO.html"/></extension><reference><reference value="CodeSystem/BRCBO"/></reference><name value="Classificação Brasileira de Ocupações - CBO"/><description value="Classifica as profissões do mercado de trabalho brasileiro."/><groupingId value="-term-codesystem"/></resource><resource><extension url="http://hl7.org/fhir/StructureDefinition/implementationguide-page"><valueUri value="CodeSystem-BRCondicaoMaternal.html"/></extension><reference><reference value="CodeSystem/BRCondicaoMaternal"/></reference><name value="Condição Maternal"/><description value="Indicação da condição maternal da pessoa vacinada."/><groupingId value="-term-codesystem"/></resource><resource><extension url="http://hl7.org/fhir/StructureDefinition/implementationguide-page"><valueUri value="StructureDefinition-BRCondicaoMaternal.html"/></extension><reference><reference value="StructureDefinition/BRCondicaoMaternal"/></reference><name value="Condição Maternal"/><description value="Indicação da condição maternal da pessoa vacinada (Nenhuma, Gestante, Puérpera). O campo é de preenchimento obrigatório para indivíduos em idade fértil, independente do sexo."/><groupingId value="-str-extension"/></resource><resource><extension url="http://hl7.org/fhir/StructureDefinition/implementationguide-page"><valueUri value="ValueSet-BRCondicaoMaternal-1.0.html"/></extension><reference><reference value="ValueSet/BRCondicaoMaternal-1.0"/></reference><name value="Condição Maternal"/><description value="ValueSet utilizado para Indicar a condição maternal da pessoa vacinada."/><groupingId value="-term-valueset"/></resource><resource><extension url="http://hl7.org/fhir/StructureDefinition/implementationguide-page"><valueUri value="CodeSystem-BRDivisaoGeograficaBrasil.html"/></extension><reference><reference value="CodeSystem/BRDivisaoGeograficaBrasil"/></reference><name value="Divisão Geográfica do Brasil"/><description value="As regiões geográficas, estados, distrito federal e municípios do Brasil."/><groupingId value="-term-codesystem"/></resource><resource><extension url="http://hl7.org/fhir/StructureDefinition/implementationguide-page"><valueUri value="StructureDefinition-BRDocumentoIndividuo-1.0.html"/></extension><reference><reference value="StructureDefinition/BRDocumentoIndividuo-1.0"/></reference><name value="Documento do Indivíduo"/><description value="Documento do Indivíduo"/><groupingId value="-str-datatype"/></resource><resource><extension url="http://hl7.org/fhir/StructureDefinition/implementationguide-page"><valueUri value="CodeSystem-BRDose.html"/></extension><reference><reference value="CodeSystem/BRDose"/></reference><name value="Indentificação da Dose"/><description value="Define a dose da administração de uma substância."/><groupingId value="-term-codesystem"/></resource><resource><extension url="http://hl7.org/fhir/StructureDefinition/implementationguide-page"><valueUri value="ValueSet-BRDose-1.0.html"/></extension><reference><reference value="ValueSet/BRDose-1.0"/></reference><name value="Dose Administrada no Indivíduo"/><description value="ValueSet utilizado para definir o tipo da dose administrada no indivíduo."/><groupingId value="-term-valueset"/></resource><resource><extension url="http://hl7.org/fhir/StructureDefinition/implementationguide-page"><valueUri value="StructureDefinition-BREndereco-1.0.html"/></extension><reference><reference value="StructureDefinition/BREndereco-1.0"/></reference><name value="Endereço"/><description value="Padronização de endereços no Brasil."/><groupingId value="-str-datatype"/></resource><resource><extension url="http://hl7.org/fhir/StructureDefinition/implementationguide-page"><valueUri value="StructureDefinition-BREstabelecimentoSaude-1.0.html"/></extension><reference><reference value="StructureDefinition/BREstabelecimentoSaude-1.0"/></reference><name value="Estabelecimento de Saúde"/><description value="Espaço físico delimitado e permanente onde são realizadas ações e serviços de saúde humana sob responsabilidade técnica."/><groupingId value="-str-profile"/></resource><resource><extension url="http://hl7.org/fhir/StructureDefinition/implementationguide-page"><valueUri value="ValueSet-BREstadoDocumento-1.0.html"/></extension><reference><reference value="ValueSet/BREstadoDocumento-1.0"/></reference><name value="Estado de um documento"/><description value="Classifica o estado de um documento."/><groupingId value="-term-valueset"/></resource><resource><extension url="http://hl7.org/fhir/StructureDefinition/implementationguide-page"><valueUri value="ValueSet-BREstadoEvento-1.0.html"/></extension><reference><reference value="ValueSet/BREstadoEvento-1.0"/></reference><name value="Estado de um Evento"/><description value="Identificação do estado de um evento."/><groupingId value="-term-valueset"/></resource><resource><extension url="http://hl7.org/fhir/StructureDefinition/implementationguide-page"><valueUri value="CodeSystem-BREstrategiaVacinacao.html"/></extension><reference><reference value="CodeSystem/BREstrategiaVacinacao"/></reference><name value="Estratégia de Vacinação"/><description value="Classifica a estratégia de vacinação adotada."/><groupingId value="-term-codesystem"/></resource><resource><extension url="http://hl7.org/fhir/StructureDefinition/implementationguide-page"><valueUri value="StructureDefinition-BREstrategiaVacinacao-1.0.html"/></extension><reference><reference value="StructureDefinition/BREstrategiaVacinacao-1.0"/></reference><name value="Estratégia de Vacinação"/><description value="Identifica a estratégia de vacinação adotada."/><groupingId value="-str-extension"/></resource><resource><extension url="http://hl7.org/fhir/StructureDefinition/implementationguide-page"><valueUri value="ValueSet-BREstrategiaVacinacao-1.0.html"/></extension><reference><reference value="ValueSet/BREstrategiaVacinacao-1.0"/></reference><name value="Estratégia de Vacinação"/><description value="Identifica a estratégia de vacinação adotada."/><groupingId value="-term-valueset"/></resource><resource><extension url="http://hl7.org/fhir/StructureDefinition/implementationguide-page"><valueUri value="StructureDefinition-BREstrategiaVacinacaoPesquisa-1.0.html"/></extension><reference><reference value="StructureDefinition/BREstrategiaVacinacaoPesquisa-1.0"/></reference><name value="Dados da Pesquisa Clínica Registrada na ANVISA"/><description value="Extensão para as informações relacionadas aos dados da pesquisa clínica registrada na ANVISA."/><groupingId value="-str-extension"/></resource><resource><extension url="http://hl7.org/fhir/StructureDefinition/implementationguide-page"><valueUri value="CodeSystem-BREtniaIndigena.html"/></extension><reference><reference value="CodeSystem/BREtniaIndigena"/></reference><name value="Etnia Indígena"/><description value="Códigos para representação de etnias indígenas no Brasil."/><groupingId value="-term-codesystem"/></resource><resource><extension url="http://hl7.org/fhir/StructureDefinition/implementationguide-page"><valueUri value="ValueSet-BREtniaIndigena-1.0.html"/></extension><reference><reference value="ValueSet/BREtniaIndigena-1.0"/></reference><name value="Etnia Indígena"/><description value="Códigos para representação de etnias indígenas no Brasil."/><groupingId value="-term-valueset"/></resource><resource><extension url="http://hl7.org/fhir/StructureDefinition/implementationguide-page"><valueUri value="ValueSet-BRFabricanteImunobiologico-1.0.html"/></extension><reference><reference value="ValueSet/BRFabricanteImunobiologico-1.0"/></reference><name value="Fabricante do Imunobiológico"/><description value="Fabricante do imunobiológico administrado"/><groupingId value="-term-valueset"/></resource><resource><extension url="http://hl7.org/fhir/StructureDefinition/implementationguide-page"><valueUri value="CodeSystem-BRFabricantePNI.html"/></extension><reference><reference value="CodeSystem/BRFabricantePNI"/></reference><name value="Fabricante do Imunobiológico"/><description value="Apresenta o fabricante do imunobiológico."/><groupingId value="-term-codesystem"/></resource><resource><extension url="http://hl7.org/fhir/StructureDefinition/implementationguide-page"><valueUri value="CodeSystem-BRGrupoAtendimento.html"/></extension><reference><reference value="CodeSystem/BRGrupoAtendimento"/></reference><name value="Grupo de Atendimento"/><description value="Domínio que identifica o tipo de grupo de atendimento que o indivíduo apresentou para a vacinação em campanha."/><groupingId value="-term-codesystem"/></resource><resource><extension url="http://hl7.org/fhir/StructureDefinition/implementationguide-page"><valueUri value="StructureDefinition-BRGrupoAtendimento.html"/></extension><reference><reference value="StructureDefinition/BRGrupoAtendimento"/></reference><name value="Grupo de Atendimento"/><description value="Identificação do grupo de atendimento para vacinação."/><groupingId value="-str-extension"/></resource><resource><extension url="http://hl7.org/fhir/StructureDefinition/implementationguide-page"><valueUri value="ValueSet-BRGrupoAtendimento-1.0.html"/></extension><reference><reference value="ValueSet/BRGrupoAtendimento-1.0"/></reference><name value="Tipo de grupo de atendimento"/><description value="Identifica o tipo de grupo de atendimento que o indivíduo apresentou para a vacinação em campanha."/><groupingId value="-term-valueset"/></resource><resource><extension url="http://hl7.org/fhir/StructureDefinition/implementationguide-page"><valueUri value="CodeSystem-BRImunobiologico.html"/></extension><reference><reference value="CodeSystem/BRImunobiologico"/></reference><name value="Imunobiológico"/><description value="Classifica os tipos de imunobiológicos."/><groupingId value="-term-codesystem"/></resource><resource><extension url="http://hl7.org/fhir/StructureDefinition/implementationguide-page"><valueUri value="ValueSet-BRImunobiologico-1.0.html"/></extension><reference><reference value="ValueSet/BRImunobiologico-1.0"/></reference><name value="Imunobiológico"/><description value="Tipos de imunobiológicos disponíveis no Brasil."/><groupingId value="-term-valueset"/></resource><resource><extension url="http://hl7.org/fhir/StructureDefinition/implementationguide-page"><valueUri value="StructureDefinition-BRImunobiologicoAdministradoCampanha-2.0.html"/></extension><reference><reference value="StructureDefinition/BRImunobiologicoAdministradoCampanha-2.0"/></reference><name value="Imunobiológico Administrado em Campanha"/><description value="Representa um imunobiológico administrado em campanha vacinal."/><groupingId value="-str-profile"/></resource><resource><extension url="http://hl7.org/fhir/StructureDefinition/implementationguide-page"><valueUri value="StructureDefinition-BRIndividuo-1.0.html"/></extension><reference><reference value="StructureDefinition/BRIndividuo-1.0"/></reference><name value="Indivíduo"/><description value="Indíviduo, sujeito da assistência à saúde."/><groupingId value="-str-profile"/></resource><resource><extension url="http://hl7.org/fhir/StructureDefinition/implementationguide-page"><valueUri value="StructureDefinition-BRIndividuoProtegido-1.0.html"/></extension><reference><reference value="StructureDefinition/BRIndividuoProtegido-1.0"/></reference><name value="Indivíduo Protegido"/><description value="Extensão utilizada para identificar indivíduos que possuem  maior restrição à disponibilização de seus dados, por possuirem grande exposição pública (ex.: político, esportista, artista famoso etc.), estarem em programa de proteção à testemunha, o objeto de seu trabalho colocá-los em risco (investigadores da inteligência, p.ex.), dentre outros."/><groupingId value="-str-extension"/></resource><resource><extension url="http://hl7.org/fhir/StructureDefinition/implementationguide-page"><valueUri value="StructureDefinition-BRJurisdicaoOrgaoEmissor-1.0.html"/></extension><reference><reference value="StructureDefinition/BRJurisdicaoOrgaoEmissor-1.0"/></reference><name value="Jurisdição do Órgão Expedidor"/><description value="Jurisdição de Órgãos Expedidores"/><groupingId value="-str-extension"/></resource><resource><extension url="http://hl7.org/fhir/StructureDefinition/implementationguide-page"><valueUri value="CodeSystem-BRLocalAplicacao.html"/></extension><reference><reference value="CodeSystem/BRLocalAplicacao"/></reference><name value="Local de Aplicação"/><description value="Define a localização anatômica de aplicação de uma substância"/><groupingId value="-term-codesystem"/></resource><resource><extension url="http://hl7.org/fhir/StructureDefinition/implementationguide-page"><valueUri value="ValueSet-BRLocalAplicacao-1.0.html"/></extension><reference><reference value="ValueSet/BRLocalAplicacao-1.0"/></reference><name value="Local de Aplicação"/><description value="Localização anatômica para aplicação de um injetável."/><groupingId value="-term-valueset"/></resource><resource><extension url="http://hl7.org/fhir/StructureDefinition/implementationguide-page"><valueUri value="StructureDefinition-BRMeioContato-1.0.html"/></extension><reference><reference value="StructureDefinition/BRMeioContato-1.0"/></reference><name value="Meio de Contato"/><description value="Padronização de meios de contato no Brasil."/><groupingId value="-str-datatype"/></resource><resource><extension url="http://hl7.org/fhir/StructureDefinition/implementationguide-page"><valueUri value="StructureDefinition-BRMunicipio-1.0.html"/></extension><reference><reference value="StructureDefinition/BRMunicipio-1.0"/></reference><name value="Município"/><description value="Extensão para informar um município."/><groupingId value="-str-extension"/></resource><resource><extension url="http://hl7.org/fhir/StructureDefinition/implementationguide-page"><valueUri value="ValueSet-BRMunicipio-1.0.html"/></extension><reference><reference value="ValueSet/BRMunicipio-1.0"/></reference><name value="Município"/><description value="Municípios brasileiros, entes subnacionais."/><groupingId value="-term-valueset"/></resource><resource><extension url="http://hl7.org/fhir/StructureDefinition/implementationguide-page"><valueUri value="StructureDefinition-BRNaturalizacao-1.0.html"/></extension><reference><reference value="StructureDefinition/BRNaturalizacao-1.0"/></reference><name value="Dados de Naturalização"/><description value="Extensão para as informações de naturalização de um indivíduo."/><groupingId value="-str-extension"/></resource><resource><extension url="http://hl7.org/fhir/StructureDefinition/implementationguide-page"><valueUri value="CodeSystem-BRNaturezaJuridica.html"/></extension><reference><reference value="CodeSystem/BRNaturezaJuridica"/></reference><name value="Natureza Jurídica"/><description value="Identifica a constituição jurídico-institucional das entidades públicas e privadas nos cadastros da administração pública do Brasil."/><groupingId value="-term-codesystem"/></resource><resource><extension url="http://hl7.org/fhir/StructureDefinition/implementationguide-page"><valueUri value="ValueSet-BRNaturezaJuridica-1.0.html"/></extension><reference><reference value="ValueSet/BRNaturezaJuridica-1.0"/></reference><name value="Natureza Jurídica"/><description value="Identifica a constituição jurídico-institucional das entidades públicas e privadas nos cadastros da administração pública do Brasil."/><groupingId value="-term-valueset"/></resource><resource><extension url="http://hl7.org/fhir/StructureDefinition/implementationguide-page"><valueUri value="StructureDefinition-BRNomeIndividuo-1.0.html"/></extension><reference><reference value="StructureDefinition/BRNomeIndividuo-1.0"/></reference><name value="Nome de Indivíduos"/><description value="Padronização de uso de nomes de indivíduo no Brasil."/><groupingId value="-str-datatype"/></resource><resource><extension url="http://hl7.org/fhir/StructureDefinition/implementationguide-page"><valueUri value="ValueSet-BROcupacao-1.0.html"/></extension><reference><reference value="ValueSet/BROcupacao-1.0"/></reference><name value="Classificação Brasileira de Ocupações - CBO"/><description value="Classifica as profissões do mercado de trabalho brasileiro."/><groupingId value="-term-valueset"/></resource><resource><extension url="http://hl7.org/fhir/StructureDefinition/implementationguide-page"><valueUri value="CodeSystem-BROrgaoExpedidor.html"/></extension><reference><reference value="CodeSystem/BROrgaoExpedidor"/></reference><name value="Órgão Expedidor"/><description value="Órgãos responsáveis por expedir documentos no Brasil."/><groupingId value="-term-codesystem"/></resource><resource><extension url="http://hl7.org/fhir/StructureDefinition/implementationguide-page"><valueUri value="ValueSet-BROrgaoExpedidor-1.0.html"/></extension><reference><reference value="ValueSet/BROrgaoExpedidor-1.0"/></reference><name value="Orgão Expedidor"/><description value="Lista de órgãos responsáveis por expedir documentos no Brasil."/><groupingId value="-term-valueset"/></resource><resource><extension url="http://hl7.org/fhir/StructureDefinition/implementationguide-page"><valueUri value="CodeSystem-BRPais.html"/></extension><reference><reference value="CodeSystem/BRPais"/></reference><name value="País"/><description value="Códigos para representação de países."/><groupingId value="-term-codesystem"/></resource><resource><extension url="http://hl7.org/fhir/StructureDefinition/implementationguide-page"><valueUri value="StructureDefinition-BRPais-1.0.html"/></extension><reference><reference value="StructureDefinition/BRPais-1.0"/></reference><name value="País"/><description value="Extensão para representar um país."/><groupingId value="-str-extension"/></resource><resource><extension url="http://hl7.org/fhir/StructureDefinition/implementationguide-page"><valueUri value="ValueSet-BRPais-1.0.html"/></extension><reference><reference value="ValueSet/BRPais-1.0"/></reference><name value="País"/><description value="Códigos para representação de países."/><groupingId value="-term-valueset"/></resource><resource><extension url="http://hl7.org/fhir/StructureDefinition/implementationguide-page"><valueUri value="CodeSystem-BRParentesco.html"/></extension><reference><reference value="CodeSystem/BRParentesco"/></reference><name value="Parentesco"/><description value="Classificação da relação familiar entre indivíduos."/><groupingId value="-term-codesystem"/></resource><resource><extension url="http://hl7.org/fhir/StructureDefinition/implementationguide-page"><valueUri value="ValueSet-BRParentesco-1.0.html"/></extension><reference><reference value="ValueSet/BRParentesco-1.0"/></reference><name value="Parentesco"/><description value="Classificação da relação familiar entre indivíduos."/><groupingId value="-term-valueset"/></resource><resource><extension url="http://hl7.org/fhir/StructureDefinition/implementationguide-page"><valueUri value="StructureDefinition-BRParentesIndividuo-1.0.html"/></extension><reference><reference value="StructureDefinition/BRParentesIndividuo-1.0"/></reference><name value="Parentes do Indivíduo"/><description value="Resource para representar parentescos de indivíduo."/><groupingId value="-str-extension"/></resource><resource><extension url="http://hl7.org/fhir/StructureDefinition/implementationguide-page"><valueUri value="StructureDefinition-BRPessoaJuridicaProfissionalLiberal-1.0.html"/></extension><reference><reference value="StructureDefinition/BRPessoaJuridicaProfissionalLiberal-1.0"/></reference><name value="Pessoa Jurídica e Profissional Liberal"/><description value="Pessoa jurídica identificada no âmbito da Receita Federal do Brasil pelo Cadastro Nacional da Pessoa Jurídica (CNPJ) ou profissional liberal identificado pelo Cadastro de Pessoas Físicas (CPF)."/><groupingId value="-str-profile"/></resource><resource><extension url="http://hl7.org/fhir/StructureDefinition/implementationguide-page"><valueUri value="StructureDefinition-BRProfissional-1.0.html"/></extension><reference><reference value="StructureDefinition/BRProfissional-1.0"/></reference><name value="Profissional"/><description value="Indivíduo que realiza atividades profissionais."/><groupingId value="-str-profile"/></resource><resource><extension url="http://hl7.org/fhir/StructureDefinition/implementationguide-page"><valueUri value="StructureDefinition-BRQualidadeCadastroIndividuo-1.0.html"/></extension><reference><reference value="StructureDefinition/BRQualidadeCadastroIndividuo-1.0"/></reference><name value="Qualidade do Cadastro do Indivíduo"/><description value="Grau de qualidade de um registro de um indivíduo, vai de 0 até 100."/><groupingId value="-str-extension"/></resource><resource><extension url="http://hl7.org/fhir/StructureDefinition/implementationguide-page"><valueUri value="CodeSystem-BRRacaCor.html"/></extension><reference><reference value="CodeSystem/BRRacaCor"/></reference><name value="Raça/Cor"/><description value="Códigos para representação de raça/cor."/><groupingId value="-term-codesystem"/></resource><resource><extension url="http://hl7.org/fhir/StructureDefinition/implementationguide-page"><valueUri value="ValueSet-BRRacaCor-1.0.html"/></extension><reference><reference value="ValueSet/BRRacaCor-1.0"/></reference><name value="Raça/Cor"/><description value="Códigos para representação de raça/cor no Brasil."/><groupingId value="-term-valueset"/></resource><resource><extension url="http://hl7.org/fhir/StructureDefinition/implementationguide-page"><valueUri value="StructureDefinition-BRRacaCorEtnia-1.0.html"/></extension><reference><reference value="StructureDefinition/BRRacaCorEtnia-1.0"/></reference><name value="Raça/Cor e Etnina"/><description value="Extensão para para representar dados relacionados à raça/cor e etnia de um indivíduo."/><groupingId value="-str-extension"/></resource><resource><extension url="http://hl7.org/fhir/StructureDefinition/implementationguide-page"><valueUri value="StructureDefinition-BRRegistroImunobiologicoAdministradoCampanha-2.0.html"/></extension><reference><reference value="StructureDefinition/BRRegistroImunobiologicoAdministradoCampanha-2.0"/></reference><name value="Registro de Imunobiológico Administrado na Campanha"/><description value="Documento que aprepresenta o registro da administração de imunobiológicos em campanha vacinal."/><groupingId value="-str-profile"/></resource><resource><extension url="http://hl7.org/fhir/StructureDefinition/implementationguide-page"><valueUri value="ValueSet-BRSexo-1.0.html"/></extension><reference><reference value="ValueSet/BRSexo-1.0"/></reference><name value="Sexo"/><description value="Sexo de um indivíduo."/><groupingId value="-term-valueset"/></resource><resource><extension url="http://hl7.org/fhir/StructureDefinition/implementationguide-page"><valueUri value="CodeSystem-BRTipoDocumento.html"/></extension><reference><reference value="CodeSystem/BRTipoDocumento"/></reference><name value="Tipo de Documento"/><description value="Classificação dos tipos de documentos compartilhados no Brasil."/><groupingId value="-term-codesystem"/></resource><resource><extension url="http://hl7.org/fhir/StructureDefinition/implementationguide-page"><valueUri value="ValueSet-BRTipoDocumento-1.0.html"/></extension><reference><reference value="ValueSet/BRTipoDocumento-1.0"/></reference><name value="Tipo de Dcoumento"/><description value="Classifica o tipo de documento que está sendo trafegado."/><groupingId value="-term-valueset"/></resource><resource><extension url="http://hl7.org/fhir/StructureDefinition/implementationguide-page"><valueUri value="ValueSet-BRTipoDocumentoIndividuo-1.0.html"/></extension><reference><reference value="ValueSet/BRTipoDocumentoIndividuo-1.0"/></reference><name value="Tipo de Documento do Indivíduo"/><description value="Classifica o tipo de documento que está sendo utilizado para identificar o indivíduo."/><groupingId value="-term-valueset"/></resource><resource><extension url="http://hl7.org/fhir/StructureDefinition/implementationguide-page"><valueUri value="CodeSystem-BRTipoEstabelecimentoSaude.html"/></extension><reference><reference value="CodeSystem/BRTipoEstabelecimentoSaude"/></reference><name value="Tipo de Estabelecimento de Saúde"/><description value="Códigos para representação de tipos de estabelecimentos de saúde, de acordo com codificação já existente para o Cadastro Nacional de Estabelecimentos de Saúde (CNES)."/><groupingId value="-term-codesystem"/></resource><resource><extension url="http://hl7.org/fhir/StructureDefinition/implementationguide-page"><valueUri value="ValueSet-BRTipoEstabelecimentoSaude-1.0.html"/></extension><reference><reference value="ValueSet/BRTipoEstabelecimentoSaude-1.0"/></reference><name value="Tipo de Estabelecimento de Saúde"/><description value="ValueSet utilizado para classificar o tipo de estabelecimento de saúde."/><groupingId value="-term-valueset"/></resource><resource><extension url="http://hl7.org/fhir/StructureDefinition/implementationguide-page"><valueUri value="CodeSystem-BRTipoIdentificador.html"/></extension><reference><reference value="CodeSystem/BRTipoIdentificador"/></reference><name value="Tipo de Identificador"/><description value="Classifica o tipo de indicador que está sendo utilizado."/><groupingId value="-term-codesystem"/></resource><resource><extension url="http://hl7.org/fhir/StructureDefinition/implementationguide-page"><valueUri value="CodeSystem-BRTipoLogradouro.html"/></extension><reference><reference value="CodeSystem/BRTipoLogradouro"/></reference><name value="Tipo de Logradouro"/><description value="Classificação os tipos de logradouros existentes para uso em endereços estruturados."/><groupingId value="-term-codesystem"/></resource><resource><extension url="http://hl7.org/fhir/StructureDefinition/implementationguide-page"><valueUri value="ValueSet-BRTipoLogradouro-1.0.html"/></extension><reference><reference value="ValueSet/BRTipoLogradouro-1.0"/></reference><name value="Tipo de Logradouro"/><description value="Classifica o tipo de logradouro."/><groupingId value="-term-valueset"/></resource><resource><extension url="http://hl7.org/fhir/StructureDefinition/implementationguide-page"><valueUri value="ValueSet-BRUnidadeFederativa-1.0.html"/></extension><reference><reference value="ValueSet/BRUnidadeFederativa-1.0"/></reference><name value="Unidade Federativa"/><description value="Os estados e o Distrito Federal, entes subnacionais brasileiros."/><groupingId value="-term-valueset"/></resource><resource><extension url="http://hl7.org/fhir/StructureDefinition/implementationguide-page"><valueUri value="CodeSystem-BRViaAdministracao.html"/></extension><reference><reference value="CodeSystem/BRViaAdministracao"/></reference><name value="Via de Administração"/><description value="Classifica a via na qual foi administrada uma substância em um indivíduo."/><groupingId value="-term-codesystem"/></resource><resource><extension url="http://hl7.org/fhir/StructureDefinition/implementationguide-page"><valueUri value="ValueSet-BRViaAdministracao-1.0.html"/></extension><reference><reference value="ValueSet/BRViaAdministracao-1.0"/></reference><name value="Via de administração de um imunobiológico"/><description value="Via de administração de um imunobiológico."/><groupingId value="-term-valueset"/></resource><page><nameUrl value="toc.html"/><title value="Conteúdo"/><generation value="html"/><page><nameUrl value="index.html"/><title value="Home IGRNDS"/><generation value="html"/></page><page><nameUrl value="background.html"/><title value="Background"/><generation value="html"/></page><page><nameUrl value="spec.html"/><title value="Especificações"/><generation value="markdown"/></page><page><nameUrl value="downloads.html"/><title value="Arquivos Úteis"/><generation value="html"/></page><page><nameUrl value="changes.html"/><title value="Histórico de Mudanças"/><generation value="html"/></page><page><nameUrl value="artifacts.html"/><title value="Artifacts Summary"/><generation value="html"/><page><nameUrl value="StructureDefinition-BREstabelecimentoSaude-1.0.html"/><title value="Estabelecimento de Saúde"/><generation value="generated"/></page><page><nameUrl value="StructureDefinition-BRImunobiologicoAdministradoCampanha-2.0.html"/><title value="Imunobiológico Administrado em Campanha"/><generation value="generated"/></page><page><nameUrl value="StructureDefinition-BRIndividuo-1.0.html"/><title value="Indivíduo"/><generation value="generated"/></page><page><nameUrl value="StructureDefinition-BRPessoaJuridicaProfissionalLiberal-1.0.html"/><title value="Pessoa Jurídica e Profissional Liberal"/><generation value="generated"/></page><page><nameUrl value="StructureDefinition-BRProfissional-1.0.html"/><title value="Profissional"/><generation value="generated"/></page><page><nameUrl value="StructureDefinition-BRRegistroImunobiologicoAdministradoCampanha-2.0.html"/><title value="Registro de Imunobiológico Administrado na Campanha"/><generation value="generated"/></page><page><nameUrl value="StructureDefinition-BRDocumentoIndividuo-1.0.html"/><title value="Documento do Indivíduo"/><generation value="generated"/></page><page><nameUrl value="StructureDefinition-BREndereco-1.0.html"/><title value="Endereço"/><generation value="generated"/></page><page><nameUrl value="StructureDefinition-BRMeioContato-1.0.html"/><title value="Meio de Contato"/><generation value="generated"/></page><page><nameUrl value="StructureDefinition-BRNomeIndividuo-1.0.html"/><title value="Nome de Indivíduos"/><generation value="generated"/></page><page><nameUrl value="StructureDefinition-BRAdministradorTerceiro-1.0.html"/><title value="Gerente/Administrador (Terceiro) ou Interveniente"/><generation value="generated"/></page><page><nameUrl value="StructureDefinition-BRAtendeSUS-1.0.html"/><title value="Atende SUS"/><generation value="generated"/></page><page><nameUrl value="StructureDefinition-BRBairro-1.0.html"/><title value="Bairro de um endereço"/><generation value="generated"/></page><page><nameUrl value="StructureDefinition-BRCondicaoMaternal.html"/><title value="Condição Maternal"/><generation value="generated"/></page><page><nameUrl value="StructureDefinition-BREstrategiaVacinacao-1.0.html"/><title value="Estratégia de Vacinação"/><generation value="generated"/></page><page><nameUrl value="StructureDefinition-BREstrategiaVacinacaoPesquisa-1.0.html"/><title value="Dados da Pesquisa Clínica Registrada na ANVISA"/><generation value="generated"/></page><page><nameUrl value="StructureDefinition-BRGrupoAtendimento.html"/><title value="Grupo de Atendimento"/><generation value="generated"/></page><page><nameUrl value="StructureDefinition-BRIndividuoProtegido-1.0.html"/><title value="Indivíduo Protegido"/><generation value="generated"/></page><page><nameUrl value="StructureDefinition-BRJurisdicaoOrgaoEmissor-1.0.html"/><title value="Jurisdição do Órgão Expedidor"/><generation value="generated"/></page><page><nameUrl value="StructureDefinition-BRMunicipio-1.0.html"/><title value="Município"/><generation value="generated"/></page><page><nameUrl value="StructureDefinition-BRNaturalizacao-1.0.html"/><title value="Dados de Naturalização"/><generation value="generated"/></page><page><nameUrl value="StructureDefinition-BRPais-1.0.html"/><title value="País"/><generation value="generated"/></page><page><nameUrl value="StructureDefinition-BRParentesIndividuo-1.0.html"/><title value="Parentes do Indivíduo"/><generation value="generated"/></page><page><nameUrl value="StructureDefinition-BRQualidadeCadastroIndividuo-1.0.html"/><title value="Qualidade do Cadastro do Indivíduo"/><generation value="generated"/></page><page><nameUrl value="StructureDefinition-BRRacaCorEtnia-1.0.html"/><title value="Raça/Cor e Etnina"/><generation value="generated"/></page><page><nameUrl value="ValueSet-BRCondicaoMaternal-1.0.html"/><title value="Condição Maternal"/><generation value="generated"/></page><page><nameUrl value="ValueSet-BRDose-1.0.html"/><title value="Dose Administrada no Indivíduo"/><generation value="generated"/></page><page><nameUrl value="ValueSet-BREstadoDocumento-1.0.html"/><title value="Estado de um documento"/><generation value="generated"/></page><page><nameUrl value="ValueSet-BREstadoEvento-1.0.html"/><title value="Estado de um Evento"/><generation value="generated"/></page><page><nameUrl value="ValueSet-BREstrategiaVacinacao-1.0.html"/><title value="Estratégia de Vacinação"/><generation value="generated"/></page><page><nameUrl value="ValueSet-BREtniaIndigena-1.0.html"/><title value="Etnia Indígena"/><generation value="generated"/></page><page><nameUrl value="ValueSet-BRFabricanteImunobiologico-1.0.html"/><title value="Fabricante do Imunobiológico"/><generation value="generated"/></page><page><nameUrl value="ValueSet-BRGrupoAtendimento-1.0.html"/><title value="Tipo de grupo de atendimento"/><generation value="generated"/></page><page><nameUrl value="ValueSet-BRImunobiologico-1.0.html"/><title value="Imunobiológico"/><generation value="generated"/></page><page><nameUrl value="ValueSet-BRLocalAplicacao-1.0.html"/><title value="Local de Aplicação"/><generation value="generated"/></page><page><nameUrl value="ValueSet-BRMunicipio-1.0.html"/><title value="Município"/><generation value="generated"/></page><page><nameUrl value="ValueSet-BRNaturezaJuridica-1.0.html"/><title value="Natureza Jurídica"/><generation value="generated"/></page><page><nameUrl value="ValueSet-BROcupacao-1.0.html"/><title value="Classificação Brasileira de Ocupações - CBO"/><generation value="generated"/></page><page><nameUrl value="ValueSet-BROrgaoExpedidor-1.0.html"/><title value="Orgão Expedidor"/><generation value="generated"/></page><page><nameUrl value="ValueSet-BRPais-1.0.html"/><title value="País"/><generation value="generated"/></page><page><nameUrl value="ValueSet-BRParentesco-1.0.html"/><title value="Parentesco"/><generation value="generated"/></page><page><nameUrl value="ValueSet-BRRacaCor-1.0.html"/><title value="Raça/Cor"/><generation value="generated"/></page><page><nameUrl value="ValueSet-BRSexo-1.0.html"/><title value="Sexo"/><generation value="generated"/></page><page><nameUrl value="ValueSet-BRTipoDocumento-1.0.html"/><title value="Tipo de Dcoumento"/><generation value="generated"/></page><page><nameUrl value="ValueSet-BRTipoDocumentoIndividuo-1.0.html"/><title value="Tipo de Documento do Indivíduo"/><generation value="generated"/></page><page><nameUrl value="ValueSet-BRTipoEstabelecimentoSaude-1.0.html"/><title value="Tipo de Estabelecimento de Saúde"/><generation value="generated"/></page><page><nameUrl value="ValueSet-BRTipoLogradouro-1.0.html"/><title value="Tipo de Logradouro"/><generation value="generated"/></page><page><nameUrl value="ValueSet-BRUnidadeFederativa-1.0.html"/><title value="Unidade Federativa"/><generation value="generated"/></page><page><nameUrl value="ValueSet-BRViaAdministracao-1.0.html"/><title value="Via de administração de um imunobiológico"/><generation value="generated"/></page><page><nameUrl value="CodeSystem-BRCBO.html"/><title value="Classificação Brasileira de Ocupações - CBO"/><generation value="generated"/></page><page><nameUrl value="CodeSystem-BRCondicaoMaternal.html"/><title value="Condição Maternal"/><generation value="generated"/></page><page><nameUrl value="CodeSystem-BRDivisaoGeograficaBrasil.html"/><title value="Divisão Geográfica do Brasil"/><generation value="generated"/></page><page><nameUrl value="CodeSystem-BRDose.html"/><title value="Indentificação da Dose"/><generation value="generated"/></page><page><nameUrl value="CodeSystem-BREstrategiaVacinacao.html"/><title value="Estratégia de Vacinação"/><generation value="generated"/></page><page><nameUrl value="CodeSystem-BREtniaIndigena.html"/><title value="Etnia Indígena"/><generation value="generated"/></page><page><nameUrl value="CodeSystem-BRFabricantePNI.html"/><title value="Fabricante do Imunobiológico"/><generation value="generated"/></page><page><nameUrl value="CodeSystem-BRGrupoAtendimento.html"/><title value="Grupo de Atendimento"/><generation value="generated"/></page><page><nameUrl value="CodeSystem-BRImunobiologico.html"/><title value="Imunobiológico"/><generation value="generated"/></page><page><nameUrl value="CodeSystem-BRLocalAplicacao.html"/><title value="Local de Aplicação"/><generation value="generated"/></page><page><nameUrl value="CodeSystem-BRNaturezaJuridica.html"/><title value="Natureza Jurídica"/><generation value="generated"/></page><page><nameUrl value="CodeSystem-BROrgaoExpedidor.html"/><title value="Órgão Expedidor"/><generation value="generated"/></page><page><nameUrl value="CodeSystem-BRPais.html"/><title value="País"/><generation value="generated"/></page><page><nameUrl value="CodeSystem-BRParentesco.html"/><title value="Parentesco"/><generation value="generated"/></page><page><nameUrl value="CodeSystem-BRRacaCor.html"/><title value="Raça/Cor"/><generation value="generated"/></page><page><nameUrl value="CodeSystem-BRTipoDocumento.html"/><title value="Tipo de Documento"/><generation value="generated"/></page><page><nameUrl value="CodeSystem-BRTipoEstabelecimentoSaude.html"/><title value="Tipo de Estabelecimento de Saúde"/><generation value="generated"/></page><page><nameUrl value="CodeSystem-BRTipoIdentificador.html"/><title value="Tipo de Identificador"/><generation value="generated"/></page><page><nameUrl value="CodeSystem-BRTipoLogradouro.html"/><title value="Tipo de Logradouro"/><generation value="generated"/></page><page><nameUrl value="CodeSystem-BRViaAdministracao.html"/><title value="Via de Administração"/><generation value="generated"/></page><page><nameUrl value="Organization-1234567.html"/><title value="Example Organization - 1234567"/><generation value="generated"/></page><page><nameUrl value="Organization-41004547000495.html"/><title value="Example Organization - 41004547000495"/><generation value="generated"/></page><page><nameUrl value="Immunization-rdns-brimunobiologicoadministradocampanha.html"/><title value="Example Immunization - rdns-brimunobiologicoadministradocampanha"/><generation value="generated"/></page><page><nameUrl value="Patient-712176901347489.html"/><title value="Example Patient - 712176901347489"/><generation value="generated"/></page><page><nameUrl value="Practitioner-980016002400589.html"/><title value="Example Practitioner - 980016002400589"/><generation value="generated"/></page><page><nameUrl value="Bundle-rnds-brregistroimunobiologicoadministradocampanha-0.html"/><title value="Example Bundle - rnds-brregistroimunobiologicoadministradocampanha-0"/><generation value="generated"/></page></page></page><parameter><code value="path-resource"/><value value="input\history"/></parameter><parameter><code value="path-resource"/><value value="input/capabilities"/></parameter><parameter><code value="path-resource"/><value value="input/examples"/></parameter><parameter><code value="path-resource"/><value value="input/extensions"/></parameter><parameter><code value="path-resource"/><value value="input/models"/></parameter><parameter><code value="path-resource"/><value value="input/operations"/></parameter><parameter><code value="path-resource"/><value value="input/profiles"/></parameter><parameter><code value="path-resource"/><value value="input/resources"/></parameter><parameter><code value="path-resource"/><value value="input/vocabulary"/></parameter><parameter><code value="path-resource"/><value value="input/testing"/></parameter><parameter><code value="path-resource"/><value value="input/history"/></parameter><parameter><code value="path-resource"/><value value="fsh-generated/resources"/></parameter><parameter><code value="path-pages"/><value value="template/config"/></parameter><parameter><code value="path-pages"/><value value="input/images"/></parameter><parameter><code value="path-tx-cache"/><value value="input-cache/txcache"/></parameter></definition></ImplementationGuide>