<?xml version="1.0" encoding="UTF-8"?><ValueSet xmlns="http://hl7.org/fhir"><id value="BRTipoDocumentoIndividuo-1.0"/><meta><lastUpdated value="2020-03-12T10:27:33.397-03:00"/></meta><language value="pt-BR"/><text><status value="extensions"/><div xmlns="http://www.w3.org/1999/xhtml" xml:lang="pt-BR" lang="pt-BR"><p>This value set includes codes based on the following rules:</p><ul><li>Include these codes as defined in <a href="http://terminology.hl7.org/2.1.0/CodeSystem-v2-0203.html"><code>http://terminology.hl7.org/CodeSystem/v2-0203</code></a> version <code>*</code><table class="none"><tr><td style="white-space:nowrap"><b>Code</b></td><td><b>Display</b></td><td><b>Definition</b></td></tr><tr><td><a href="http://terminology.hl7.org/2.1.0/CodeSystem-v2-0203.html#v2-0203-HC">HC</a></td><td>Número do Cartão Nacional de Saúde (CNS)</td><td>Health Card Number</td></tr><tr><td><a href="http://terminology.hl7.org/2.1.0/CodeSystem-v2-0203.html#v2-0203-RRI">RRI</a></td><td>Número do Registro Geral (RG)</td><td>Regional registry ID</td></tr><tr><td><a href="http://terminology.hl7.org/2.1.0/CodeSystem-v2-0203.html#v2-0203-MCT">MCT</a></td><td>Número da Certidão de Casamento</td><td>A number associated with a document identifying the event of a person&#39;s marriage.</td></tr><tr><td><a href="http://terminology.hl7.org/2.1.0/CodeSystem-v2-0203.html#v2-0203-PPN">PPN</a></td><td>Número do Passaporte</td><td>A unique number assigned to the document affirming that a person is a citizen of the country.</td></tr><tr><td><a href="http://terminology.hl7.org/2.1.0/CodeSystem-v2-0203.html#v2-0203-RN">RN</a></td><td>Número de inscrição no Conselho Regional de Enfermagem (COREn)</td><td>An identifier that is unique to a registered nurse within the jurisdiction of the licensing board.</td></tr><tr><td><a href="http://terminology.hl7.org/2.1.0/CodeSystem-v2-0203.html#v2-0203-SS">SS</a></td><td>Número de Identificação Social (NIS/PIS/PASEP)</td><td>Social Security number</td></tr><tr><td><a href="http://terminology.hl7.org/2.1.0/CodeSystem-v2-0203.html#v2-0203-DL">DL</a></td><td>Número da Carteira Nacional de Habilitação (CNH)</td><td>Driver&#39;s license number</td></tr><tr><td><a href="http://terminology.hl7.org/2.1.0/CodeSystem-v2-0203.html#v2-0203-BCT">BCT</a></td><td>Número do Documento de Nascido Vivo (DN/DNV)</td><td>A number associated with a document identifying the event of a person&#39;s birth</td></tr><tr><td><a href="http://terminology.hl7.org/2.1.0/CodeSystem-v2-0203.html#v2-0203-BR">BR</a></td><td>Número da Certidão de Nascimento</td><td>An identifier unique within the Assigning Authority that is the official legal record of a person&#39;s birth.</td></tr><tr><td><a href="http://terminology.hl7.org/2.1.0/CodeSystem-v2-0203.html#v2-0203-IND">IND</a></td><td>Número da Certidão de Índio</td><td>A number assigned to a member of an indigenous or aboriginal group outside of Canada.</td></tr><tr><td><a href="http://terminology.hl7.org/2.1.0/CodeSystem-v2-0203.html#v2-0203-MI">MI</a></td><td>Número do Certificado de Reservista</td><td>A number assigned to an individual who has had military duty, but is not currently on active duty. The number is assigned by the DOD or Veterans&#39; Affairs (VA).</td></tr><tr><td><a href="http://terminology.hl7.org/2.1.0/CodeSystem-v2-0203.html#v2-0203-MD">MD</a></td><td>Número de inscrição no Conselho Regional de Medicina (CRM)</td><td>An identifier that is unique to a medical doctor within the jurisdiction of a licensing board.</td></tr><tr><td><a href="http://terminology.hl7.org/2.1.0/CodeSystem-v2-0203.html#v2-0203-DDS">DDS</a></td><td>Número de inscrição no Conselho Regional Odontologia (CRO)</td><td>An identifier that is unique to a dentist within the jurisdiction of the licensing board</td></tr><tr><td><a href="http://terminology.hl7.org/2.1.0/CodeSystem-v2-0203.html#v2-0203-TAX">TAX</a></td><td>Número de inscrição no Cadastro de Pessoas Físicas (CPF)</td><td>Tax ID number</td></tr></table></li><li>Include all codes defined in <a href="CodeSystem-BRTipoIdentificador.html"><code>http://www.saude.gov.br/fhir/r4/CodeSystem/BRTipoIdentificador</code></a></li></ul><p>This value set excludes codes based on the following rules:</p><ul><li>Exclude these codes as defined in <a href="CodeSystem-BRTipoIdentificador.html"><code>http://www.saude.gov.br/fhir/r4/CodeSystem/BRTipoIdentificador</code></a> version <code>*</code><table class="none"><tr><td style="white-space:nowrap"><b>Code</b></td><td><b>Display</b></td><td><b>Definition</b></td></tr><tr><td><a href="CodeSystem-BRTipoIdentificador.html#BRTipoIdentificador-AUTH">AUTH</a></td><td>Código de Autorização</td><td>Identificador da permissão para a realização de um procedimento.</td></tr></table></li></ul></div></text><url value="http://www.saude.gov.br/fhir/r4/ValueSet/BRTipoDocumentoIndividuo-1.0"/><version value="0.2.0"/><name value="BRTipoDocumentoIndividuo"/><title value="Tipo de Documento do Indivíduo"/><status value="active"/><experimental value="false"/><date value="2020-03-12T13:27:32.6850777+00:00"/><publisher value="Ministério da Saúde"/><contact><telecom><system value="url"/><value value="https://www.gov.br/saude/pt-br"/></telecom></contact><description value="Classifica o tipo de documento que está sendo utilizado para identificar o indivíduo."/><jurisdiction><coding><system value="http://unstats.un.org/unsd/methods/m49/m49.htm"/><code value="001"/></coding></jurisdiction><immutable value="false"/><compose><include><system value="http://terminology.hl7.org/CodeSystem/v2-0203"/><version value="*"/><concept><code value="HC"/><display value="Número do Cartão Nacional de Saúde (CNS)"/></concept><concept><code value="RRI"/><display value="Número do Registro Geral (RG)"/></concept><concept><code value="MCT"/><display value="Número da Certidão de Casamento"/></concept><concept><code value="PPN"/><display value="Número do Passaporte"/></concept><concept><code value="RN"/><display value="Número de inscrição no Conselho Regional de Enfermagem (COREn)"/></concept><concept><code value="SS"/><display value="Número de Identificação Social (NIS/PIS/PASEP)"/></concept><concept><code value="DL"/><display value="Número da Carteira Nacional de Habilitação (CNH)"/></concept><concept><code value="BCT"/><display value="Número do Documento de Nascido Vivo (DN/DNV)"/></concept><concept><code value="BR"/><display value="Número da Certidão de Nascimento"/></concept><concept><code value="IND"/><display value="Número da Certidão de Índio"/></concept><concept><code value="MI"/><display value="Número do Certificado de Reservista"/></concept><concept><code value="MD"/><display value="Número de inscrição no Conselho Regional de Medicina (CRM)"/></concept><concept><code value="DDS"/><display value="Número de inscrição no Conselho Regional Odontologia (CRO)"/></concept><concept><code value="TAX"/><display value="Número de inscrição no Cadastro de Pessoas Físicas (CPF)"/></concept></include><include><system value="http://www.saude.gov.br/fhir/r4/CodeSystem/BRTipoIdentificador"/><version value="*"/></include><exclude><system value="http://www.saude.gov.br/fhir/r4/CodeSystem/BRTipoIdentificador"/><version value="*"/><concept><code value="AUTH"/></concept></exclude></compose></ValueSet>