<?xml version="1.0" encoding="UTF-8"?><ValueSet xmlns="http://hl7.org/fhir"><id value="BROrgaoExpedidor-1.0"/><meta><lastUpdated value="2020-03-12T10:22:38.170-03:00"/></meta><language value="pt-BR"/><text><status value="generated"/><div xmlns="http://www.w3.org/1999/xhtml" xml:lang="pt-BR" lang="pt-BR"><ul><li>Include all codes defined in <a href="CodeSystem-BROrgaoExpedidor.html"><code>http://www.saude.gov.br/fhir/r4/CodeSystem/BROrgaoExpedidor</code></a></li></ul></div></text><url value="http://www.saude.gov.br/fhir/r4/ValueSet/BROrgaoExpedidor-1.0"/><version value="0.2.0"/><name value="BROrgaoExpedidor"/><title value="Orgão Expedidor"/><status value="active"/><experimental value="false"/><date value="2020-03-12T13:22:37.450287+00:00"/><publisher value="Ministério da Saúde"/><contact><telecom><system value="url"/><value value="https://www.gov.br/saude/pt-br"/></telecom></contact><description value="Lista de órgãos responsáveis por expedir documentos no Brasil."/><jurisdiction><coding><system value="http://unstats.un.org/unsd/methods/m49/m49.htm"/><code value="001"/></coding></jurisdiction><immutable value="false"/><compose><include><system value="http://www.saude.gov.br/fhir/r4/CodeSystem/BROrgaoExpedidor"/><version value="*"/></include></compose></ValueSet>