<?xml version="1.0" encoding="UTF-8"?><ValueSet xmlns="http://hl7.org/fhir"><id value="BRCondicaoMaternal-1.0"/><meta><lastUpdated value="2021-08-19T16:16:00.000-03:00"/></meta><language value="pt-BR"/><text><status value="generated"/><div xmlns="http://www.w3.org/1999/xhtml" xml:lang="pt-BR" lang="pt-BR"><ul><li>Include all codes defined in <a href="CodeSystem-BRCondicaoMaternal.html"><code>http://www.saude.gov.br/fhir/r4/CodeSystem/BRCondicaoMaternal</code></a></li></ul></div></text><url value="http://www.saude.gov.br/fhir/r4/ValueSet/BRCondicaoMaternal-1.0"/><version value="0.2.0"/><name value="BRCondicaoMaternal"/><title value="Condição Maternal"/><status value="active"/><experimental value="false"/><date value="2021-08-19T19:16:00+00:00"/><publisher value="Ministério da Saúde"/><contact><telecom><system value="url"/><value value="https://www.gov.br/saude/pt-br"/></telecom></contact><description value="ValueSet utilizado para Indicar a condição maternal da pessoa vacinada."/><jurisdiction><coding><system value="http://unstats.un.org/unsd/methods/m49/m49.htm"/><code value="001"/></coding></jurisdiction><immutable value="false"/><compose><include><system value="http://www.saude.gov.br/fhir/r4/CodeSystem/BRCondicaoMaternal"/><version value="*"/></include></compose></ValueSet>