[
  {
    "id": "BRCBO",
    "type": "CodeSystem",
    "url": "http://www.saude.gov.br/fhir/r4/CodeSystem/BRCBO",
    "version": "0.2.0",
    "name": "BRCBO"
  },
  {
    "id": "BRCondicaoMaternal",
    "type": "CodeSystem",
    "url": "http://www.saude.gov.br/fhir/r4/CodeSystem/BRCondicaoMaternal",
    "version": "0.2.0",
    "name": "BRCondicaoMaternal"
  },
  {
    "id": "BRDivisaoGeograficaBrasil",
    "type": "CodeSystem",
    "url": "http://www.saude.gov.br/fhir/r4/CodeSystem/BRDivisaoGeograficaBrasil",
    "version": "0.2.0",
    "name": "BRDivisaoGeograficaBrasil"
  },
  {
    "id": "BRDose",
    "type": "CodeSystem",
    "url": "http://www.saude.gov.br/fhir/r4/CodeSystem/BRDose",
    "version": "0.2.0",
    "name": "BRDose"
  },
  {
    "id": "BREstrategiaVacinacao",
    "type": "CodeSystem",
    "url": "http://www.saude.gov.br/fhir/r4/CodeSystem/BREstrategiaVacinacao",
    "version": "0.2.0",
    "name": "BREstrategiaVacinacao"
  },
  {
    "id": "BREtniaIndigena",
    "type": "CodeSystem",
    "url": "http://www.saude.gov.br/fhir/r4/CodeSystem/BREtniaIndigena",
    "version": "0.2.0",
    "name": "BREtniaIndigena"
  },
  {
    "id": "BRFabricantePNI",
    "type": "CodeSystem",
    "url": "http://www.saude.gov.br/fhir/r4/CodeSystem/BRFabricantePNI",
    "version": "0.2.0",
    "name": "BRFabricantePNI"
  },
  {
    "id": "BRGrupoAtendimento",
    "type": "CodeSystem",
    "url": "http://www.saude.gov.br/fhir/r4/CodeSystem/BRGrupoAtendimento",
    "version": "0.2.0",
    "name": "BRGrupoAtendimento"
  },
  {
    "id": "BRImunobiologico",
    "type": "CodeSystem",
    "url": "http://www.saude.gov.br/fhir/r4/CodeSystem/BRImunobiologico",
    "version": "0.2.0",
    "name": "BRImunobiologico"
  },
  {
    "id": "BRLocalAplicacao",
    "type": "CodeSystem",
    "url": "http://www.saude.gov.br/fhir/r4/CodeSystem/BRLocalAplicacao",
    "version": "0.2.0",
    "name": "BRLocalAplicacao"
  },
  {
    "id": "BRNaturezaJuridica",
    "type": "CodeSystem",
    "url": "http://www.saude.gov.br/fhir/r4/CodeSystem/BRNaturezaJuridica",
    "version": "0.2.0",
    "name": "BRNaturezaJuridica"
  },
  {
    "id": "BROrgaoExpedidor",
    "type": "CodeSystem",
    "url": "http://www.saude.gov.br/fhir/r4/CodeSystem/BROrgaoExpedidor",
    "version": "0.2.0",
    "name": "BROrgaoExpedidor"
  },
  {
    "id": "BRPais",
    "type": "CodeSystem",
    "url": "http://www.saude.gov.br/fhir/r4/CodeSystem/BRPais",
    "version": "0.2.0",
    "name": "BRPais"
  },
  {
    "id": "BRParentesco",
    "type": "CodeSystem",
    "url": "http://www.saude.gov.br/fhir/r4/CodeSystem/BRParentesco",
    "version": "0.2.0",
    "name": "BRParentesco"
  },
  {
    "id": "BRRacaCor",
    "type": "CodeSystem",
    "url": "http://www.saude.gov.br/fhir/r4/CodeSystem/BRRacaCor",
    "version": "0.2.0",
    "name": "BRRacaCor"
  },
  {
    "id": "BRTipoDocumento",
    "type": "CodeSystem",
    "url": "http://www.saude.gov.br/fhir/r4/CodeSystem/BRTipoDocumento",
    "version": "0.2.0",
    "name": "BRTipoDocumento"
  },
  {
    "id": "BRTipoEstabelecimentoSaude",
    "type": "CodeSystem",
    "url": "http://www.saude.gov.br/fhir/r4/CodeSystem/BRTipoEstabelecimentoSaude",
    "version": "0.2.0",
    "name": "BRTipoEstabelecimentoSaude"
  },
  {
    "id": "BRTipoIdentificador",
    "type": "CodeSystem",
    "url": "http://www.saude.gov.br/fhir/r4/CodeSystem/BRTipoIdentificador",
    "version": "0.2.0",
    "name": "BRTipoIdentificador"
  },
  {
    "id": "BRTipoLogradouro",
    "type": "CodeSystem",
    "url": "http://www.saude.gov.br/fhir/r4/CodeSystem/BRTipoLogradouro",
    "version": "0.2.0",
    "name": "BRTipoLogradouro"
  },
  {
    "id": "BRViaAdministracao",
    "type": "CodeSystem",
    "url": "http://www.saude.gov.br/fhir/r4/CodeSystem/BRViaAdministracao",
    "version": "0.2.0",
    "name": "BRViaAdministracao"
  },
  {
    "id": "example.fhir.uv.myig",
    "type": "ImplementationGuide",
    "url": "http://www.saude.gov.br/fhir/r4/ImplementationGuide/rnds",
    "version": "0.2.0",
    "name": "IGRNDS"
  },
  {
    "id": "BRAdministradorTerceiro-1.0",
    "type": "StructureDefinition",
    "url": "http://www.saude.gov.br/fhir/r4/StructureDefinition/BRAdministradorTerceiro-1.0",
    "version": "0.2.0",
    "name": "BRAdministradorTerceiro"
  },
  {
    "id": "BRAtendeSUS-1.0",
    "type": "StructureDefinition",
    "url": "http://www.saude.gov.br/fhir/r4/StructureDefinition/BRAtendeSUS-1.0",
    "version": "0.2.0",
    "name": "BRAtendeSUS"
  },
  {
    "id": "BRBairro-1.0",
    "type": "StructureDefinition",
    "url": "http://www.saude.gov.br/fhir/r4/StructureDefinition/BRBairro-1.0",
    "version": "0.2.0",
    "name": "BRBairro"
  },
  {
    "id": "BRCondicaoMaternal",
    "type": "StructureDefinition",
    "url": "http://www.saude.gov.br/fhir/r4/StructureDefinition/BRCondicaoMaternal",
    "version": "0.2.0",
    "name": "BRCondicaoMaternal"
  },
  {
    "id": "BRDocumentoIndividuo-1.0",
    "type": "StructureDefinition",
    "url": "http://www.saude.gov.br/fhir/r4/StructureDefinition/BRDocumentoIndividuo-1.0",
    "version": "0.2.0",
    "name": "BRDocumentoIndividuo"
  },
  {
    "id": "BREndereco-1.0",
    "type": "StructureDefinition",
    "url": "http://www.saude.gov.br/fhir/r4/StructureDefinition/BREndereco-1.0",
    "version": "0.2.0",
    "name": "BREndereco"
  },
  {
    "id": "BREstabelecimentoSaude-1.0",
    "type": "StructureDefinition",
    "url": "http://www.saude.gov.br/fhir/r4/StructureDefinition/BREstabelecimentoSaude-1.0",
    "version": "0.2.0",
    "name": "BREstabelecimentoSaude"
  },
  {
    "id": "BREstrategiaVacinacao-1.0",
    "type": "StructureDefinition",
    "url": "http://www.saude.gov.br/fhir/r4/StructureDefinition/BREstrategiaVacinacao-1.0",
    "version": "0.2.0",
    "name": "BREstrategiaVacinacao"
  },
  {
    "id": "BREstrategiaVacinacaoPesquisa-1.0",
    "type": "StructureDefinition",
    "url": "http://www.saude.gov.br/fhir/r4/StructureDefinition/BREstrategiaVacinacaoPesquisa-1.0",
    "version": "0.2.0",
    "name": "BREstrategiaVacinacaoPesquisa"
  },
  {
    "id": "BRGrupoAtendimento",
    "type": "StructureDefinition",
    "url": "http://www.saude.gov.br/fhir/r4/StructureDefinition/BRGrupoAtendimento",
    "version": "0.2.0",
    "name": "BRGrupoAtendimento"
  },
  {
    "id": "BRImunobiologicoAdministradoCampanha-2.0",
    "type": "StructureDefinition",
    "url": "http://www.saude.gov.br/fhir/r4/StructureDefinition/BRImunobiologicoAdministradoCampanha-2.0",
    "version": "0.2.0",
    "name": "BRImunobiologicoAdministradoCampanha"
  },
  {
    "id": "BRIndividuo-1.0",
    "type": "StructureDefinition",
    "url": "http://www.saude.gov.br/fhir/r4/StructureDefinition/BRIndividuo-1.0",
    "version": "0.2.0",
    "name": "BRIndividuo"
  },
  {
    "id": "BRIndividuoProtegido-1.0",
    "type": "StructureDefinition",
    "url": "http://www.saude.gov.br/fhir/r4/StructureDefinition/BRIndividuoProtegido-1.0",
    "version": "0.2.0",
    "name": "BRIndividuoProtegido"
  },
  {
    "id": "BRJurisdicaoOrgaoEmissor-1.0",
    "type": "StructureDefinition",
    "url": "http://www.saude.gov.br/fhir/r4/StructureDefinition/BRJurisdicaoOrgaoEmissor-1.0",
    "version": "0.2.0",
    "name": "BRJurisdicaoOrgaoExpedidor"
  },
  {
    "id": "BRMeioContato-1.0",
    "type": "StructureDefinition",
    "url": "http://www.saude.gov.br/fhir/r4/StructureDefinition/BRMeioContato-1.0",
    "version": "0.2.0",
    "name": "BRMeioContato"
  },
  {
    "id": "BRMunicipio-1.0",
    "type": "StructureDefinition",
    "url": "http://www.saude.gov.br/fhir/r4/StructureDefinition/BRMunicipio-1.0",
    "version": "0.2.0",
    "name": "BRMunicipio"
  },
  {
    "id": "BRNaturalizacao-1.0",
    "type": "StructureDefinition",
    "url": "http://www.saude.gov.br/fhir/r4/StructureDefinition/BRNaturalizacao-1.0",
    "version": "0.2.0",
    "name": "BRNaturalizacao"
  },
  {
    "id": "BRNomeIndividuo-1.0",
    "type": "StructureDefinition",
    "url": "http://www.saude.gov.br/fhir/r4/StructureDefinition/BRNomeIndividuo-1.0",
    "version": "0.2.0",
    "name": "BRNomeIndividuo"
  },
  {
    "id": "BRPais-1.0",
    "type": "StructureDefinition",
    "url": "http://www.saude.gov.br/fhir/r4/StructureDefinition/BRPais-1.0",
    "version": "0.2.0",
    "name": "BRPais"
  },
  {
    "id": "BRParentesIndividuo-1.0",
    "type": "StructureDefinition",
    "url": "http://www.saude.gov.br/fhir/r4/StructureDefinition/BRParentesIndividuo-1.0",
    "version": "0.2.0",
    "name": "BRParentesIndividuo"
  },
  {
    "id": "BRPessoaJuridicaProfissionalLiberal-1.0",
    "type": "StructureDefinition",
    "url": "http://www.saude.gov.br/fhir/r4/StructureDefinition/BRPessoaJuridicaProfissionalLiberal-1.0",
    "version": "0.2.0",
    "name": "BRPessoaJuridicaProfissionalLiberal"
  },
  {
    "id": "BRProfissional-1.0",
    "type": "StructureDefinition",
    "url": "http://www.saude.gov.br/fhir/r4/StructureDefinition/BRProfissional-1.0",
    "version": "0.2.0",
    "name": "BRProfissional"
  },
  {
    "id": "BRQualidadeCadastroIndividuo-1.0",
    "type": "StructureDefinition",
    "url": "http://www.saude.gov.br/fhir/r4/StructureDefinition/BRQualidadeCadastroIndividuo-1.0",
    "version": "0.2.0",
    "name": "BRQualidadeCadastroIndividuo"
  },
  {
    "id": "BRRacaCorEtnia-1.0",
    "type": "StructureDefinition",
    "url": "http://www.saude.gov.br/fhir/r4/StructureDefinition/BRRacaCorEtnia-1.0",
    "version": "0.2.0",
    "name": "BRRacaCorEtnia"
  },
  {
    "id": "BRRegistroImunobiologicoAdministradoCampanha-2.0",
    "type": "StructureDefinition",
    "url": "http://www.saude.gov.br/fhir/r4/StructureDefinition/BRRegistroImunobiologicoAdministradoCampanha-2.0",
    "version": "0.2.0",
    "name": "BRRegistroImunobiologicoAdministradoCampanha"
  },
  {
    "id": "BRCondicaoMaternal-1.0",
    "type": "ValueSet",
    "url": "http://www.saude.gov.br/fhir/r4/ValueSet/BRCondicaoMaternal-1.0",
    "version": "0.2.0",
    "name": "BRCondicaoMaternal"
  },
  {
    "id": "BRDose-1.0",
    "type": "ValueSet",
    "url": "http://www.saude.gov.br/fhir/r4/ValueSet/BRDose-1.0",
    "version": "0.2.0",
    "name": "BRDose"
  },
  {
    "id": "BREstadoDocumento-1.0",
    "type": "ValueSet",
    "url": "http://www.saude.gov.br/fhir/r4/ValueSet/BREstadoDocumento-1.0",
    "version": "0.2.0",
    "name": "BREstadoDocumento"
  },
  {
    "id": "BREstadoEvento-1.0",
    "type": "ValueSet",
    "url": "http://www.saude.gov.br/fhir/r4/ValueSet/BREstadoEvento-1.0",
    "version": "0.2.0",
    "name": "BREstadoEvento"
  },
  {
    "id": "BREstrategiaVacinacao-1.0",
    "type": "ValueSet",
    "url": "http://www.saude.gov.br/fhir/r4/ValueSet/BREstrategiaVacinacao-1.0",
    "version": "0.2.0",
    "name": "BREstrategiaVacinacao"
  },
  {
    "id": "BREtniaIndigena-1.0",
    "type": "ValueSet",
    "url": "http://www.saude.gov.br/fhir/r4/ValueSet/BREtniaIndigena-1.0",
    "version": "0.2.0",
    "name": "BREtniaIndigena"
  },
  {
    "id": "BRFabricanteImunobiologico-1.0",
    "type": "ValueSet",
    "url": "http://www.saude.gov.br/fhir/r4/ValueSet/BRFabricanteImunobiologico-1.0",
    "version": "0.2.0",
    "name": "BRFabricanteImunobiologico"
  },
  {
    "id": "BRGrupoAtendimento-1.0",
    "type": "ValueSet",
    "url": "http://www.saude.gov.br/fhir/r4/ValueSet/BRGrupoAtendimento-1.0",
    "version": "0.2.0",
    "name": "BRGrupoAtendimento"
  },
  {
    "id": "BRImunobiologico-1.0",
    "type": "ValueSet",
    "url": "http://www.saude.gov.br/fhir/r4/ValueSet/BRImunobiologico-1.0",
    "version": "0.2.0",
    "name": "BRImunobiologico"
  },
  {
    "id": "BRLocalAplicacao-1.0",
    "type": "ValueSet",
    "url": "http://www.saude.gov.br/fhir/r4/ValueSet/BRLocalAplicacao-1.0",
    "version": "0.2.0",
    "name": "BRLocalAplicacao"
  },
  {
    "id": "BRMunicipio-1.0",
    "type": "ValueSet",
    "url": "http://www.saude.gov.br/fhir/r4/ValueSet/BRMunicipio-1.0",
    "version": "0.2.0",
    "name": "BRMunicipio"
  },
  {
    "id": "BRNaturezaJuridica-1.0",
    "type": "ValueSet",
    "url": "http://www.saude.gov.br/fhir/r4/ValueSet/BRNaturezaJuridica-1.0",
    "version": "0.2.0",
    "name": "BRNaturezaJuridica"
  },
  {
    "id": "BROcupacao-1.0",
    "type": "ValueSet",
    "url": "http://www.saude.gov.br/fhir/r4/ValueSet/BROcupacao-1.0",
    "version": "0.2.0",
    "name": "BROcupacao"
  },
  {
    "id": "BROrgaoExpedidor-1.0",
    "type": "ValueSet",
    "url": "http://www.saude.gov.br/fhir/r4/ValueSet/BROrgaoExpedidor-1.0",
    "version": "0.2.0",
    "name": "BROrgaoExpedidor"
  },
  {
    "id": "BRPais-1.0",
    "type": "ValueSet",
    "url": "http://www.saude.gov.br/fhir/r4/ValueSet/BRPais-1.0",
    "version": "0.2.0",
    "name": "BRPais"
  },
  {
    "id": "BRParentesco-1.0",
    "type": "ValueSet",
    "url": "http://www.saude.gov.br/fhir/r4/ValueSet/BRParentesco-1.0",
    "version": "0.2.0",
    "name": "BRParentesco"
  },
  {
    "id": "BRRacaCor-1.0",
    "type": "ValueSet",
    "url": "http://www.saude.gov.br/fhir/r4/ValueSet/BRRacaCor-1.0",
    "version": "0.2.0",
    "name": "BRRacaCor"
  },
  {
    "id": "BRSexo-1.0",
    "type": "ValueSet",
    "url": "http://www.saude.gov.br/fhir/r4/ValueSet/BRSexo-1.0",
    "version": "0.2.0",
    "name": "BRSexo"
  },
  {
    "id": "BRTipoDocumento-1.0",
    "type": "ValueSet",
    "url": "http://www.saude.gov.br/fhir/r4/ValueSet/BRTipoDocumento-1.0",
    "version": "0.2.0",
    "name": "BRTipoDocumento"
  },
  {
    "id": "BRTipoDocumentoIndividuo-1.0",
    "type": "ValueSet",
    "url": "http://www.saude.gov.br/fhir/r4/ValueSet/BRTipoDocumentoIndividuo-1.0",
    "version": "0.2.0",
    "name": "BRTipoDocumentoIndividuo"
  },
  {
    "id": "BRTipoEstabelecimentoSaude-1.0",
    "type": "ValueSet",
    "url": "http://www.saude.gov.br/fhir/r4/ValueSet/BRTipoEstabelecimentoSaude-1.0",
    "version": "0.2.0",
    "name": "BRTipoEstabelecimentoSaude"
  },
  {
    "id": "BRTipoLogradouro-1.0",
    "type": "ValueSet",
    "url": "http://www.saude.gov.br/fhir/r4/ValueSet/BRTipoLogradouro-1.0",
    "version": "0.2.0",
    "name": "BRTipoLogradouro"
  },
  {
    "id": "BRUnidadeFederativa-1.0",
    "type": "ValueSet",
    "url": "http://www.saude.gov.br/fhir/r4/ValueSet/BRUnidadeFederativa-1.0",
    "version": "0.2.0",
    "name": "BRUnidadeFederativa"
  },
  {
    "id": "BRViaAdministracao-1.0",
    "type": "ValueSet",
    "url": "http://www.saude.gov.br/fhir/r4/ValueSet/BRViaAdministracao-1.0",
    "version": "0.2.0",
    "name": "BRViaAdministracao"
  }
]