<?xml version="1.0" encoding="UTF-8"?>

<CodeSystem xmlns="http://hl7.org/fhir">
  <id value="BRParentesco"/>
  <meta>
    <lastUpdated value="2020-03-11T15:19:46.601-03:00"/>
  </meta>
  <language value="pt-BR"/>
  <text>
    <status value="generated"/><div xmlns="http://www.w3.org/1999/xhtml" xml:lang="pt-BR" lang="pt-BR"><p>This code system http://www.saude.gov.br/fhir/r4/CodeSystem/BRParentesco defines the following codes:</p><table class="codes"><tr><td style="white-space:nowrap"><b>Code</b></td><td><b>Display</b></td></tr><tr><td style="white-space:nowrap">mother<a name="BRParentesco-mother"> </a></td><td>Mãe</td></tr><tr><td style="white-space:nowrap">father<a name="BRParentesco-father"> </a></td><td>Pai</td></tr></table></div>
  </text>
  <url value="http://www.saude.gov.br/fhir/r4/CodeSystem/BRParentesco"/>
  <version value="0.2.0"/>
  <name value="BRParentesco"/>
  <title value="Parentesco"/>
  <status value="active"/>
  <experimental value="false"/>
  <date value="2020-03-11T18:20:06.3399184+00:00"/>
  <publisher value="Ministério da Saúde"/>
  <contact>
    <telecom>
      <system value="url"/>
      <value value="https://www.gov.br/saude/pt-br"/>
    </telecom>
  </contact>
  <description value="Classificação da relação familiar entre indivíduos."/>
  <jurisdiction>
    <coding>
      <system value="http://unstats.un.org/unsd/methods/m49/m49.htm"/>
      <code value="001"/>
    </coding>
  </jurisdiction>
  <content value="complete"/>
  <concept>
    <code value="mother"/>
    <display value="Mãe"/>
  </concept>
  <concept>
    <code value="father"/>
    <display value="Pai"/>
  </concept>
</CodeSystem>