{
  "resourceType": "CodeSystem",
  "id": "BRRacaCor",
  "meta": {
    "lastUpdated": "2021-08-06T11:00:12.538-03:00"
  },
  "language": "pt-BR",
  "text": {
    "status": "generated",
    "div": "<div xmlns=\"http://www.w3.org/1999/xhtml\" xml:lang=\"pt-BR\" lang=\"pt-BR\"><p>This code system http://www.saude.gov.br/fhir/r4/CodeSystem/BRRacaCor defines the following codes:</p><table class=\"codes\"><tr><td style=\"white-space:nowrap\"><b>Code</b></td><td><b>Display</b></td></tr><tr><td style=\"white-space:nowrap\">01<a name=\"BRRacaCor-01\"> </a></td><td>Branca</td></tr><tr><td style=\"white-space:nowrap\">02<a name=\"BRRacaCor-02\"> </a></td><td>Preta</td></tr><tr><td style=\"white-space:nowrap\">03<a name=\"BRRacaCor-03\"> </a></td><td>Parda</td></tr><tr><td style=\"white-space:nowrap\">04<a name=\"BRRacaCor-04\"> </a></td><td>Amarela</td></tr><tr><td style=\"white-space:nowrap\">05<a name=\"BRRacaCor-05\"> </a></td><td>Indígena</td></tr><tr><td style=\"white-space:nowrap\">99<a name=\"BRRacaCor-99\"> </a></td><td>Sem informação</td></tr></table></div>"
  },
  "url": "http://www.saude.gov.br/fhir/r4/CodeSystem/BRRacaCor",
  "version": "0.2.0",
  "name": "BRRacaCor",
  "title": "Raça/Cor",
  "status": "active",
  "experimental": false,
  "date": "2020-03-11T18:20:40.0457007+00:00",
  "publisher": "Ministério da Saúde",
  "contact": [
    {
      "telecom": [
        {
          "system": "url",
          "value": "https://www.gov.br/saude/pt-br"
        }
      ]
    }
  ],
  "description": "Códigos para representação de raça/cor.",
  "jurisdiction": [
    {
      "coding": [
        {
          "system": "http://unstats.un.org/unsd/methods/m49/m49.htm",
          "code": "001"
        }
      ]
    }
  ],
  "content": "complete",
  "concept": [
    {
      "code": "01",
      "display": "Branca"
    },
    {
      "code": "02",
      "display": "Preta"
    },
    {
      "code": "03",
      "display": "Parda"
    },
    {
      "code": "04",
      "display": "Amarela"
    },
    {
      "code": "05",
      "display": "Indígena"
    },
    {
      "code": "99",
      "display": "Sem informação"
    }
  ]
}