<?xml version="1.0" encoding="UTF-8"?>

<ImplementationGuide xmlns="http://hl7.org/fhir">
  <id value="example.fhir.uv.myig"/>
  <text>
    <status value="extensions"/><div xmlns="http://www.w3.org/1999/xhtml"><h2>IGRNDS</h2><p>The official URL for this implementation guide is: </p><pre>http://www.saude.gov.br/fhir/r4/ImplementationGuide/rnds</pre><div><p>Guia de Implementação FHIR da Rede Nacional de Dados em Saúde</p>
</div></div>
  </text>
  <url value="http://www.saude.gov.br/fhir/r4/ImplementationGuide/rnds"/>
  <version value="0.2.0"/>
  <name value="IGRNDS"/>
  <title value="Implementation Guide RNDS"/>
  <status value="draft"/>
  <experimental value="false"/>
  <date value="2021-11-30T19:57:56-03:00"/>
  <publisher value="Ministério da Saúde"/>
  <contact>
    <telecom>
      <system value="url"/>
      <value value="https://www.gov.br/saude/pt-br"/>
    </telecom>
  </contact>
  <description value="Guia de Implementação FHIR da Rede Nacional de Dados em Saúde"/>
  <jurisdiction>
    <coding>
      <system value="http://unstats.un.org/unsd/methods/m49/m49.htm"/>
      <code value="001"/>
    </coding>
  </jurisdiction>
  <packageId value="example.fhir.uv.myig"/>
  <license value="CC0-1.0"/>
  <fhirVersion value="4.0.1"/>
  <definition>
    <extension url="http://hl7.org/fhir/tools/StructureDefinition/ig-parameter">
      <extension url="code">
        <valueString value="copyrightyear"/>
      </extension>
      <extension url="value">
        <valueString value="2021+"/>
      </extension>
    </extension>
    <extension url="http://hl7.org/fhir/tools/StructureDefinition/ig-parameter">
      <extension url="code">
        <valueString value="releaselabel"/>
      </extension>
      <extension url="value">
        <valueString value="Build de Integração Contínua"/>
      </extension>
    </extension>
    <extension url="http://hl7.org/fhir/tools/StructureDefinition/ig-parameter">
      <extension url="code">
        <valueString value="path-binary"/>
      </extension>
      <extension url="value">
        <valueString value="input\cql"/>
      </extension>
    </extension>
    <extension url="http://hl7.org/fhir/tools/StructureDefinition/ig-parameter">
      <extension url="code">
        <valueString value="path-liquid"/>
      </extension>
      <extension url="value">
        <valueString value="templates\liquid"/>
      </extension>
    </extension>
    <extension url="http://hl7.org/fhir/tools/StructureDefinition/ig-parameter">
      <extension url="code">
        <valueString value="shownav"/>
      </extension>
      <extension url="value">
        <valueString value="true"/>
      </extension>
    </extension>
    <extension url="http://hl7.org/fhir/tools/StructureDefinition/ig-parameter">
      <extension url="code">
        <valueString value="showsource"/>
      </extension>
      <extension url="value">
        <valueString value="true"/>
      </extension>
    </extension>
    <extension url="http://hl7.org/fhir/tools/StructureDefinition/ig-parameter">
      <extension url="code">
        <valueString value="autoload-resources"/>
      </extension>
      <extension url="value">
        <valueString value="true"/>
      </extension>
    </extension>
    <extension url="http://hl7.org/fhir/tools/StructureDefinition/ig-parameter">
      <extension url="code">
        <valueString value="path-liquid"/>
      </extension>
      <extension url="value">
        <valueString value="template/liquid"/>
      </extension>
    </extension>
    <extension url="http://hl7.org/fhir/tools/StructureDefinition/ig-parameter">
      <extension url="code">
        <valueString value="path-liquid"/>
      </extension>
      <extension url="value">
        <valueString value="input/liquid"/>
      </extension>
    </extension>
    <extension url="http://hl7.org/fhir/tools/StructureDefinition/ig-parameter">
      <extension url="code">
        <valueString value="path-qa"/>
      </extension>
      <extension url="value">
        <valueString value="temp/qa"/>
      </extension>
    </extension>
    <extension url="http://hl7.org/fhir/tools/StructureDefinition/ig-parameter">
      <extension url="code">
        <valueString value="path-temp"/>
      </extension>
      <extension url="value">
        <valueString value="temp/pages"/>
      </extension>
    </extension>
    <extension url="http://hl7.org/fhir/tools/StructureDefinition/ig-parameter">
      <extension url="code">
        <valueString value="path-output"/>
      </extension>
      <extension url="value">
        <valueString value="output"/>
      </extension>
    </extension>
    <extension url="http://hl7.org/fhir/tools/StructureDefinition/ig-parameter">
      <extension url="code">
        <valueString value="path-suppressed-warnings"/>
      </extension>
      <extension url="value">
        <valueString value="input/ignoreWarnings.txt"/>
      </extension>
    </extension>
    <extension url="http://hl7.org/fhir/tools/StructureDefinition/ig-parameter">
      <extension url="code">
        <valueString value="path-history"/>
      </extension>
      <extension url="value">
        <valueString value="http://www.saude.gov.br/fhir/r4/history.html"/>
      </extension>
    </extension>
    <extension url="http://hl7.org/fhir/tools/StructureDefinition/ig-parameter">
      <extension url="code">
        <valueString value="template-html"/>
      </extension>
      <extension url="value">
        <valueString value="template-page.html"/>
      </extension>
    </extension>
    <extension url="http://hl7.org/fhir/tools/StructureDefinition/ig-parameter">
      <extension url="code">
        <valueString value="template-md"/>
      </extension>
      <extension url="value">
        <valueString value="template-page-md.html"/>
      </extension>
    </extension>
    <extension url="http://hl7.org/fhir/tools/StructureDefinition/ig-parameter">
      <extension url="code">
        <valueString value="apply-contact"/>
      </extension>
      <extension url="value">
        <valueString value="true"/>
      </extension>
    </extension>
    <extension url="http://hl7.org/fhir/tools/StructureDefinition/ig-parameter">
      <extension url="code">
        <valueString value="apply-context"/>
      </extension>
      <extension url="value">
        <valueString value="true"/>
      </extension>
    </extension>
    <extension url="http://hl7.org/fhir/tools/StructureDefinition/ig-parameter">
      <extension url="code">
        <valueString value="apply-copyright"/>
      </extension>
      <extension url="value">
        <valueString value="true"/>
      </extension>
    </extension>
    <extension url="http://hl7.org/fhir/tools/StructureDefinition/ig-parameter">
      <extension url="code">
        <valueString value="apply-jurisdiction"/>
      </extension>
      <extension url="value">
        <valueString value="true"/>
      </extension>
    </extension>
    <extension url="http://hl7.org/fhir/tools/StructureDefinition/ig-parameter">
      <extension url="code">
        <valueString value="apply-license"/>
      </extension>
      <extension url="value">
        <valueString value="true"/>
      </extension>
    </extension>
    <extension url="http://hl7.org/fhir/tools/StructureDefinition/ig-parameter">
      <extension url="code">
        <valueString value="apply-publisher"/>
      </extension>
      <extension url="value">
        <valueString value="true"/>
      </extension>
    </extension>
    <extension url="http://hl7.org/fhir/tools/StructureDefinition/ig-parameter">
      <extension url="code">
        <valueString value="apply-version"/>
      </extension>
      <extension url="value">
        <valueString value="true"/>
      </extension>
    </extension>
    <extension url="http://hl7.org/fhir/tools/StructureDefinition/ig-parameter">
      <extension url="code">
        <valueString value="active-tables"/>
      </extension>
      <extension url="value">
        <valueString value="true"/>
      </extension>
    </extension>
    <resource>
      <extension url="http://hl7.org/fhir/tools/StructureDefinition/resource-information">
        <valueString value="Organization"/>
      </extension>
      <reference>
        <reference value="Organization/1234567"/>
      </reference>
      <name value="Example Organization - 1234567"/>
      <exampleCanonical value="http://www.saude.gov.br/fhir/r4/StructureDefinition/BREstabelecimentoSaude-1.0"/>
    </resource>
    <resource>
      <extension url="http://hl7.org/fhir/tools/StructureDefinition/resource-information">
        <valueString value="Organization"/>
      </extension>
      <reference>
        <reference value="Organization/41004547000495"/>
      </reference>
      <name value="Example Organization - 41004547000495"/>
      <exampleCanonical value="http://www.saude.gov.br/fhir/r4/StructureDefinition/BRPessoaJuridicaProfissionalLiberal-1.0"/>
    </resource>
    <resource>
      <extension url="http://hl7.org/fhir/tools/StructureDefinition/resource-information">
        <valueString value="Immunization"/>
      </extension>
      <reference>
        <reference value="Immunization/rdns-brimunobiologicoadministradocampanha"/>
      </reference>
      <name value="Example Immunization - rdns-brimunobiologicoadministradocampanha"/>
      <exampleCanonical value="http://www.saude.gov.br/fhir/r4/StructureDefinition/BRImunobiologicoAdministradoCampanha-2.0"/>
    </resource>
    <resource>
      <extension url="http://hl7.org/fhir/tools/StructureDefinition/resource-information">
        <valueString value="Patient"/>
      </extension>
      <reference>
        <reference value="Patient/712176901347489"/>
      </reference>
      <name value="Example Patient - 712176901347489"/>
      <exampleCanonical value="http://www.saude.gov.br/fhir/r4/StructureDefinition/BRIndividuo-1.0"/>
    </resource>
    <resource>
      <extension url="http://hl7.org/fhir/tools/StructureDefinition/resource-information">
        <valueString value="Practitioner"/>
      </extension>
      <reference>
        <reference value="Practitioner/980016002400589"/>
      </reference>
      <name value="Example Practitioner - 980016002400589"/>
      <exampleCanonical value="http://www.saude.gov.br/fhir/r4/StructureDefinition/BRProfissional-1.0"/>
    </resource>
    <resource>
      <extension url="http://hl7.org/fhir/tools/StructureDefinition/resource-information">
        <valueString value="Bundle"/>
      </extension>
      <reference>
        <reference value="Bundle/rnds-brregistroimunobiologicoadministradocampanha-0"/>
      </reference>
      <name value="Example Bundle - rnds-brregistroimunobiologicoadministradocampanha-0"/>
      <exampleCanonical value="http://www.saude.gov.br/fhir/r4/StructureDefinition/BRImunobiologicoAdministradoCampanha-2.0"/>
    </resource>
    <resource>
      <extension url="http://hl7.org/fhir/tools/StructureDefinition/resource-information">
        <valueString value="StructureDefinition:extension"/>
      </extension>
      <reference>
        <reference value="StructureDefinition/BRAdministradorTerceiro-1.0"/>
      </reference>
      <name value="Gerente/Administrador (Terceiro) ou Interveniente"/>
      <description value="Identifica organizações que são gerentes/administradoras (terceiras) ou intervenientes de outras."/>
    </resource>
    <resource>
      <extension url="http://hl7.org/fhir/tools/StructureDefinition/resource-information">
        <valueString value="StructureDefinition:extension"/>
      </extension>
      <reference>
        <reference value="StructureDefinition/BRAtendeSUS-1.0"/>
      </reference>
      <name value="Atende SUS"/>
      <description value="Extensão utilizada para identificar se um profissional ou Estabelecimento de Saúde oferece atendimento pelo Sistema Único de Saúde (SUS)."/>
    </resource>
    <resource>
      <extension url="http://hl7.org/fhir/tools/StructureDefinition/resource-information">
        <valueString value="StructureDefinition:extension"/>
      </extension>
      <reference>
        <reference value="StructureDefinition/BRBairro-1.0"/>
      </reference>
      <name value="Bairro de um endereço"/>
      <description value="Extensão utilizada para identificar o bairro de um endereço."/>
    </resource>
    <resource>
      <extension url="http://hl7.org/fhir/tools/StructureDefinition/resource-information">
        <valueString value="CodeSystem"/>
      </extension>
      <reference>
        <reference value="CodeSystem/BRCBO"/>
      </reference>
      <name value="Classificação Brasileira de Ocupações - CBO"/>
      <description value="Classifica as profissões do mercado de trabalho brasileiro."/>
    </resource>
    <resource>
      <extension url="http://hl7.org/fhir/tools/StructureDefinition/resource-information">
        <valueString value="CodeSystem"/>
      </extension>
      <reference>
        <reference value="CodeSystem/BRCondicaoMaternal"/>
      </reference>
      <name value="Condição Maternal"/>
      <description value="Indicação da condição maternal da pessoa vacinada."/>
    </resource>
    <resource>
      <extension url="http://hl7.org/fhir/tools/StructureDefinition/resource-information">
        <valueString value="StructureDefinition:extension"/>
      </extension>
      <reference>
        <reference value="StructureDefinition/BRCondicaoMaternal"/>
      </reference>
      <name value="Condição Maternal"/>
      <description value="Indicação da condição maternal da pessoa vacinada (Nenhuma, Gestante, Puérpera). O campo é de preenchimento obrigatório para indivíduos em idade fértil, independente do sexo."/>
    </resource>
    <resource>
      <extension url="http://hl7.org/fhir/tools/StructureDefinition/resource-information">
        <valueString value="ValueSet"/>
      </extension>
      <reference>
        <reference value="ValueSet/BRCondicaoMaternal-1.0"/>
      </reference>
      <name value="Condição Maternal"/>
      <description value="ValueSet utilizado para Indicar a condição maternal da pessoa vacinada."/>
    </resource>
    <resource>
      <extension url="http://hl7.org/fhir/tools/StructureDefinition/resource-information">
        <valueString value="CodeSystem"/>
      </extension>
      <reference>
        <reference value="CodeSystem/BRDivisaoGeograficaBrasil"/>
      </reference>
      <name value="Divisão Geográfica do Brasil"/>
      <description value="As regiões geográficas, estados, distrito federal e municípios do Brasil."/>
    </resource>
    <resource>
      <extension url="http://hl7.org/fhir/tools/StructureDefinition/resource-information">
        <valueString value="StructureDefinition:complex-type"/>
      </extension>
      <reference>
        <reference value="StructureDefinition/BRDocumentoIndividuo-1.0"/>
      </reference>
      <name value="Documento do Indivíduo"/>
      <description value="Documento do Indivíduo"/>
    </resource>
    <resource>
      <extension url="http://hl7.org/fhir/tools/StructureDefinition/resource-information">
        <valueString value="CodeSystem"/>
      </extension>
      <reference>
        <reference value="CodeSystem/BRDose"/>
      </reference>
      <name value="Indentificação da Dose"/>
      <description value="Define a dose da administração de uma substância."/>
    </resource>
    <resource>
      <extension url="http://hl7.org/fhir/tools/StructureDefinition/resource-information">
        <valueString value="ValueSet"/>
      </extension>
      <reference>
        <reference value="ValueSet/BRDose-1.0"/>
      </reference>
      <name value="Dose Administrada no Indivíduo"/>
      <description value="ValueSet utilizado para definir o tipo da dose administrada no indivíduo."/>
    </resource>
    <resource>
      <extension url="http://hl7.org/fhir/tools/StructureDefinition/resource-information">
        <valueString value="StructureDefinition:complex-type"/>
      </extension>
      <reference>
        <reference value="StructureDefinition/BREndereco-1.0"/>
      </reference>
      <name value="Endereço"/>
      <description value="Padronização de endereços no Brasil."/>
    </resource>
    <resource>
      <extension url="http://hl7.org/fhir/tools/StructureDefinition/resource-information">
        <valueString value="StructureDefinition:resource"/>
      </extension>
      <reference>
        <reference value="StructureDefinition/BREstabelecimentoSaude-1.0"/>
      </reference>
      <name value="Estabelecimento de Saúde"/>
      <description value="Espaço físico delimitado e permanente onde são realizadas ações e serviços de saúde humana sob responsabilidade técnica."/>
    </resource>
    <resource>
      <extension url="http://hl7.org/fhir/tools/StructureDefinition/resource-information">
        <valueString value="ValueSet"/>
      </extension>
      <reference>
        <reference value="ValueSet/BREstadoDocumento-1.0"/>
      </reference>
      <name value="Estado de um documento"/>
      <description value="Classifica o estado de um documento."/>
    </resource>
    <resource>
      <extension url="http://hl7.org/fhir/tools/StructureDefinition/resource-information">
        <valueString value="ValueSet"/>
      </extension>
      <reference>
        <reference value="ValueSet/BREstadoEvento-1.0"/>
      </reference>
      <name value="Estado de um Evento"/>
      <description value="Identificação do estado de um evento."/>
    </resource>
    <resource>
      <extension url="http://hl7.org/fhir/tools/StructureDefinition/resource-information">
        <valueString value="CodeSystem"/>
      </extension>
      <reference>
        <reference value="CodeSystem/BREstrategiaVacinacao"/>
      </reference>
      <name value="Estratégia de Vacinação"/>
      <description value="Classifica a estratégia de vacinação adotada."/>
    </resource>
    <resource>
      <extension url="http://hl7.org/fhir/tools/StructureDefinition/resource-information">
        <valueString value="StructureDefinition:extension"/>
      </extension>
      <reference>
        <reference value="StructureDefinition/BREstrategiaVacinacao-1.0"/>
      </reference>
      <name value="Estratégia de Vacinação"/>
      <description value="Identifica a estratégia de vacinação adotada."/>
    </resource>
    <resource>
      <extension url="http://hl7.org/fhir/tools/StructureDefinition/resource-information">
        <valueString value="ValueSet"/>
      </extension>
      <reference>
        <reference value="ValueSet/BREstrategiaVacinacao-1.0"/>
      </reference>
      <name value="Estratégia de Vacinação"/>
      <description value="Identifica a estratégia de vacinação adotada."/>
    </resource>
    <resource>
      <extension url="http://hl7.org/fhir/tools/StructureDefinition/resource-information">
        <valueString value="StructureDefinition:extension"/>
      </extension>
      <reference>
        <reference value="StructureDefinition/BREstrategiaVacinacaoPesquisa-1.0"/>
      </reference>
      <name value="Dados da Pesquisa Clínica Registrada na ANVISA"/>
      <description value="Extensão para as informações relacionadas aos dados da pesquisa clínica registrada na ANVISA."/>
    </resource>
    <resource>
      <extension url="http://hl7.org/fhir/tools/StructureDefinition/resource-information">
        <valueString value="CodeSystem"/>
      </extension>
      <reference>
        <reference value="CodeSystem/BREtniaIndigena"/>
      </reference>
      <name value="Etnia Indígena"/>
      <description value="Códigos para representação de etnias indígenas no Brasil."/>
    </resource>
    <resource>
      <extension url="http://hl7.org/fhir/tools/StructureDefinition/resource-information">
        <valueString value="ValueSet"/>
      </extension>
      <reference>
        <reference value="ValueSet/BREtniaIndigena-1.0"/>
      </reference>
      <name value="Etnia Indígena"/>
      <description value="Códigos para representação de etnias indígenas no Brasil."/>
    </resource>
    <resource>
      <extension url="http://hl7.org/fhir/tools/StructureDefinition/resource-information">
        <valueString value="ValueSet"/>
      </extension>
      <reference>
        <reference value="ValueSet/BRFabricanteImunobiologico-1.0"/>
      </reference>
      <name value="Fabricante do Imunobiológico"/>
      <description value="Fabricante do imunobiológico administrado"/>
    </resource>
    <resource>
      <extension url="http://hl7.org/fhir/tools/StructureDefinition/resource-information">
        <valueString value="CodeSystem"/>
      </extension>
      <reference>
        <reference value="CodeSystem/BRFabricantePNI"/>
      </reference>
      <name value="Fabricante do Imunobiológico"/>
      <description value="Apresenta o fabricante do imunobiológico."/>
    </resource>
    <resource>
      <extension url="http://hl7.org/fhir/tools/StructureDefinition/resource-information">
        <valueString value="CodeSystem"/>
      </extension>
      <reference>
        <reference value="CodeSystem/BRGrupoAtendimento"/>
      </reference>
      <name value="Grupo de Atendimento"/>
      <description value="Domínio que identifica o tipo de grupo de atendimento que o indivíduo apresentou para a vacinação em campanha."/>
    </resource>
    <resource>
      <extension url="http://hl7.org/fhir/tools/StructureDefinition/resource-information">
        <valueString value="StructureDefinition:extension"/>
      </extension>
      <reference>
        <reference value="StructureDefinition/BRGrupoAtendimento"/>
      </reference>
      <name value="Grupo de Atendimento"/>
      <description value="Identificação do grupo de atendimento para vacinação."/>
    </resource>
    <resource>
      <extension url="http://hl7.org/fhir/tools/StructureDefinition/resource-information">
        <valueString value="ValueSet"/>
      </extension>
      <reference>
        <reference value="ValueSet/BRGrupoAtendimento-1.0"/>
      </reference>
      <name value="Tipo de grupo de atendimento"/>
      <description value="Identifica o tipo de grupo de atendimento que o indivíduo apresentou para a vacinação em campanha."/>
    </resource>
    <resource>
      <extension url="http://hl7.org/fhir/tools/StructureDefinition/resource-information">
        <valueString value="CodeSystem"/>
      </extension>
      <reference>
        <reference value="CodeSystem/BRImunobiologico"/>
      </reference>
      <name value="Imunobiológico"/>
      <description value="Classifica os tipos de imunobiológicos."/>
    </resource>
    <resource>
      <extension url="http://hl7.org/fhir/tools/StructureDefinition/resource-information">
        <valueString value="ValueSet"/>
      </extension>
      <reference>
        <reference value="ValueSet/BRImunobiologico-1.0"/>
      </reference>
      <name value="Imunobiológico"/>
      <description value="Tipos de imunobiológicos disponíveis no Brasil."/>
    </resource>
    <resource>
      <extension url="http://hl7.org/fhir/tools/StructureDefinition/resource-information">
        <valueString value="StructureDefinition:resource"/>
      </extension>
      <reference>
        <reference value="StructureDefinition/BRImunobiologicoAdministradoCampanha-2.0"/>
      </reference>
      <name value="Imunobiológico Administrado em Campanha"/>
      <description value="Representa um imunobiológico administrado em campanha vacinal."/>
    </resource>
    <resource>
      <extension url="http://hl7.org/fhir/tools/StructureDefinition/resource-information">
        <valueString value="StructureDefinition:resource"/>
      </extension>
      <reference>
        <reference value="StructureDefinition/BRIndividuo-1.0"/>
      </reference>
      <name value="Indivíduo"/>
      <description value="Indíviduo, sujeito da assistência à saúde."/>
    </resource>
    <resource>
      <extension url="http://hl7.org/fhir/tools/StructureDefinition/resource-information">
        <valueString value="StructureDefinition:extension"/>
      </extension>
      <reference>
        <reference value="StructureDefinition/BRIndividuoProtegido-1.0"/>
      </reference>
      <name value="Indivíduo Protegido"/>
      <description value="Extensão utilizada para identificar indivíduos que possuem  maior restrição à disponibilização de seus dados, por possuirem grande exposição pública (ex.: político, esportista, artista famoso etc.), estarem em programa de proteção à testemunha, o objeto de seu trabalho colocá-los em risco (investigadores da inteligência, p.ex.), dentre outros."/>
    </resource>
    <resource>
      <extension url="http://hl7.org/fhir/tools/StructureDefinition/resource-information">
        <valueString value="StructureDefinition:extension"/>
      </extension>
      <reference>
        <reference value="StructureDefinition/BRJurisdicaoOrgaoEmissor-1.0"/>
      </reference>
      <name value="Jurisdição do Órgão Expedidor"/>
      <description value="Jurisdição de Órgãos Expedidores"/>
    </resource>
    <resource>
      <extension url="http://hl7.org/fhir/tools/StructureDefinition/resource-information">
        <valueString value="CodeSystem"/>
      </extension>
      <reference>
        <reference value="CodeSystem/BRLocalAplicacao"/>
      </reference>
      <name value="Local de Aplicação"/>
      <description value="Define a localização anatômica de aplicação de uma substância"/>
    </resource>
    <resource>
      <extension url="http://hl7.org/fhir/tools/StructureDefinition/resource-information">
        <valueString value="ValueSet"/>
      </extension>
      <reference>
        <reference value="ValueSet/BRLocalAplicacao-1.0"/>
      </reference>
      <name value="Local de Aplicação"/>
      <description value="Localização anatômica para aplicação de um injetável."/>
    </resource>
    <resource>
      <extension url="http://hl7.org/fhir/tools/StructureDefinition/resource-information">
        <valueString value="StructureDefinition:complex-type"/>
      </extension>
      <reference>
        <reference value="StructureDefinition/BRMeioContato-1.0"/>
      </reference>
      <name value="Meio de Contato"/>
      <description value="Padronização de meios de contato no Brasil."/>
    </resource>
    <resource>
      <extension url="http://hl7.org/fhir/tools/StructureDefinition/resource-information">
        <valueString value="StructureDefinition:extension"/>
      </extension>
      <reference>
        <reference value="StructureDefinition/BRMunicipio-1.0"/>
      </reference>
      <name value="Município"/>
      <description value="Extensão para informar um município."/>
    </resource>
    <resource>
      <extension url="http://hl7.org/fhir/tools/StructureDefinition/resource-information">
        <valueString value="ValueSet"/>
      </extension>
      <reference>
        <reference value="ValueSet/BRMunicipio-1.0"/>
      </reference>
      <name value="Município"/>
      <description value="Municípios brasileiros, entes subnacionais."/>
    </resource>
    <resource>
      <extension url="http://hl7.org/fhir/tools/StructureDefinition/resource-information">
        <valueString value="StructureDefinition:extension"/>
      </extension>
      <reference>
        <reference value="StructureDefinition/BRNaturalizacao-1.0"/>
      </reference>
      <name value="Dados de Naturalização"/>
      <description value="Extensão para as informações de naturalização de um indivíduo."/>
    </resource>
    <resource>
      <extension url="http://hl7.org/fhir/tools/StructureDefinition/resource-information">
        <valueString value="CodeSystem"/>
      </extension>
      <reference>
        <reference value="CodeSystem/BRNaturezaJuridica"/>
      </reference>
      <name value="Natureza Jurídica"/>
      <description value="Identifica a constituição jurídico-institucional das entidades públicas e privadas nos cadastros da administração pública do Brasil."/>
    </resource>
    <resource>
      <extension url="http://hl7.org/fhir/tools/StructureDefinition/resource-information">
        <valueString value="ValueSet"/>
      </extension>
      <reference>
        <reference value="ValueSet/BRNaturezaJuridica-1.0"/>
      </reference>
      <name value="Natureza Jurídica"/>
      <description value="Identifica a constituição jurídico-institucional das entidades públicas e privadas nos cadastros da administração pública do Brasil."/>
    </resource>
    <resource>
      <extension url="http://hl7.org/fhir/tools/StructureDefinition/resource-information">
        <valueString value="StructureDefinition:complex-type"/>
      </extension>
      <reference>
        <reference value="StructureDefinition/BRNomeIndividuo-1.0"/>
      </reference>
      <name value="Nome de Indivíduos"/>
      <description value="Padronização de uso de nomes de indivíduo no Brasil."/>
    </resource>
    <resource>
      <extension url="http://hl7.org/fhir/tools/StructureDefinition/resource-information">
        <valueString value="ValueSet"/>
      </extension>
      <reference>
        <reference value="ValueSet/BROcupacao-1.0"/>
      </reference>
      <name value="Classificação Brasileira de Ocupações - CBO"/>
      <description value="Classifica as profissões do mercado de trabalho brasileiro."/>
    </resource>
    <resource>
      <extension url="http://hl7.org/fhir/tools/StructureDefinition/resource-information">
        <valueString value="CodeSystem"/>
      </extension>
      <reference>
        <reference value="CodeSystem/BROrgaoExpedidor"/>
      </reference>
      <name value="Órgão Expedidor"/>
      <description value="Órgãos responsáveis por expedir documentos no Brasil."/>
    </resource>
    <resource>
      <extension url="http://hl7.org/fhir/tools/StructureDefinition/resource-information">
        <valueString value="ValueSet"/>
      </extension>
      <reference>
        <reference value="ValueSet/BROrgaoExpedidor-1.0"/>
      </reference>
      <name value="Orgão Expedidor"/>
      <description value="Lista de órgãos responsáveis por expedir documentos no Brasil."/>
    </resource>
    <resource>
      <extension url="http://hl7.org/fhir/tools/StructureDefinition/resource-information">
        <valueString value="CodeSystem"/>
      </extension>
      <reference>
        <reference value="CodeSystem/BRPais"/>
      </reference>
      <name value="País"/>
      <description value="Códigos para representação de países."/>
    </resource>
    <resource>
      <extension url="http://hl7.org/fhir/tools/StructureDefinition/resource-information">
        <valueString value="StructureDefinition:extension"/>
      </extension>
      <reference>
        <reference value="StructureDefinition/BRPais-1.0"/>
      </reference>
      <name value="País"/>
      <description value="Extensão para representar um país."/>
    </resource>
    <resource>
      <extension url="http://hl7.org/fhir/tools/StructureDefinition/resource-information">
        <valueString value="ValueSet"/>
      </extension>
      <reference>
        <reference value="ValueSet/BRPais-1.0"/>
      </reference>
      <name value="País"/>
      <description value="Códigos para representação de países."/>
    </resource>
    <resource>
      <extension url="http://hl7.org/fhir/tools/StructureDefinition/resource-information">
        <valueString value="CodeSystem"/>
      </extension>
      <reference>
        <reference value="CodeSystem/BRParentesco"/>
      </reference>
      <name value="Parentesco"/>
      <description value="Classificação da relação familiar entre indivíduos."/>
    </resource>
    <resource>
      <extension url="http://hl7.org/fhir/tools/StructureDefinition/resource-information">
        <valueString value="ValueSet"/>
      </extension>
      <reference>
        <reference value="ValueSet/BRParentesco-1.0"/>
      </reference>
      <name value="Parentesco"/>
      <description value="Classificação da relação familiar entre indivíduos."/>
    </resource>
    <resource>
      <extension url="http://hl7.org/fhir/tools/StructureDefinition/resource-information">
        <valueString value="StructureDefinition:extension"/>
      </extension>
      <reference>
        <reference value="StructureDefinition/BRParentesIndividuo-1.0"/>
      </reference>
      <name value="Parentes do Indivíduo"/>
      <description value="Resource para representar parentescos de indivíduo."/>
    </resource>
    <resource>
      <extension url="http://hl7.org/fhir/tools/StructureDefinition/resource-information">
        <valueString value="StructureDefinition:resource"/>
      </extension>
      <reference>
        <reference value="StructureDefinition/BRPessoaJuridicaProfissionalLiberal-1.0"/>
      </reference>
      <name value="Pessoa Jurídica e Profissional Liberal"/>
      <description value="Pessoa jurídica identificada no âmbito da Receita Federal do Brasil pelo Cadastro Nacional da Pessoa Jurídica (CNPJ) ou profissional liberal identificado pelo Cadastro de Pessoas Físicas (CPF)."/>
    </resource>
    <resource>
      <extension url="http://hl7.org/fhir/tools/StructureDefinition/resource-information">
        <valueString value="StructureDefinition:resource"/>
      </extension>
      <reference>
        <reference value="StructureDefinition/BRProfissional-1.0"/>
      </reference>
      <name value="Profissional"/>
      <description value="Indivíduo que realiza atividades profissionais."/>
    </resource>
    <resource>
      <extension url="http://hl7.org/fhir/tools/StructureDefinition/resource-information">
        <valueString value="StructureDefinition:extension"/>
      </extension>
      <reference>
        <reference value="StructureDefinition/BRQualidadeCadastroIndividuo-1.0"/>
      </reference>
      <name value="Qualidade do Cadastro do Indivíduo"/>
      <description value="Grau de qualidade de um registro de um indivíduo, vai de 0 até 100."/>
    </resource>
    <resource>
      <extension url="http://hl7.org/fhir/tools/StructureDefinition/resource-information">
        <valueString value="CodeSystem"/>
      </extension>
      <reference>
        <reference value="CodeSystem/BRRacaCor"/>
      </reference>
      <name value="Raça/Cor"/>
      <description value="Códigos para representação de raça/cor."/>
    </resource>
    <resource>
      <extension url="http://hl7.org/fhir/tools/StructureDefinition/resource-information">
        <valueString value="ValueSet"/>
      </extension>
      <reference>
        <reference value="ValueSet/BRRacaCor-1.0"/>
      </reference>
      <name value="Raça/Cor"/>
      <description value="Códigos para representação de raça/cor no Brasil."/>
    </resource>
    <resource>
      <extension url="http://hl7.org/fhir/tools/StructureDefinition/resource-information">
        <valueString value="StructureDefinition:extension"/>
      </extension>
      <reference>
        <reference value="StructureDefinition/BRRacaCorEtnia-1.0"/>
      </reference>
      <name value="Raça/Cor e Etnina"/>
      <description value="Extensão para para representar dados relacionados à raça/cor e etnia de um indivíduo."/>
    </resource>
    <resource>
      <extension url="http://hl7.org/fhir/tools/StructureDefinition/resource-information">
        <valueString value="StructureDefinition:resource"/>
      </extension>
      <reference>
        <reference value="StructureDefinition/BRRegistroImunobiologicoAdministradoCampanha-2.0"/>
      </reference>
      <name value="Registro de Imunobiológico Administrado na Campanha"/>
      <description value="Documento que aprepresenta o registro da administração de imunobiológicos em campanha vacinal."/>
    </resource>
    <resource>
      <extension url="http://hl7.org/fhir/tools/StructureDefinition/resource-information">
        <valueString value="ValueSet"/>
      </extension>
      <reference>
        <reference value="ValueSet/BRSexo-1.0"/>
      </reference>
      <name value="Sexo"/>
      <description value="Sexo de um indivíduo."/>
    </resource>
    <resource>
      <extension url="http://hl7.org/fhir/tools/StructureDefinition/resource-information">
        <valueString value="CodeSystem"/>
      </extension>
      <reference>
        <reference value="CodeSystem/BRTipoDocumento"/>
      </reference>
      <name value="Tipo de Documento"/>
      <description value="Classificação dos tipos de documentos compartilhados no Brasil."/>
    </resource>
    <resource>
      <extension url="http://hl7.org/fhir/tools/StructureDefinition/resource-information">
        <valueString value="ValueSet"/>
      </extension>
      <reference>
        <reference value="ValueSet/BRTipoDocumento-1.0"/>
      </reference>
      <name value="Tipo de Dcoumento"/>
      <description value="Classifica o tipo de documento que está sendo trafegado."/>
    </resource>
    <resource>
      <extension url="http://hl7.org/fhir/tools/StructureDefinition/resource-information">
        <valueString value="ValueSet"/>
      </extension>
      <reference>
        <reference value="ValueSet/BRTipoDocumentoIndividuo-1.0"/>
      </reference>
      <name value="Tipo de Documento do Indivíduo"/>
      <description value="Classifica o tipo de documento que está sendo utilizado para identificar o indivíduo."/>
    </resource>
    <resource>
      <extension url="http://hl7.org/fhir/tools/StructureDefinition/resource-information">
        <valueString value="CodeSystem"/>
      </extension>
      <reference>
        <reference value="CodeSystem/BRTipoEstabelecimentoSaude"/>
      </reference>
      <name value="Tipo de Estabelecimento de Saúde"/>
      <description value="Códigos para representação de tipos de estabelecimentos de saúde, de acordo com codificação já existente para o Cadastro Nacional de Estabelecimentos de Saúde (CNES)."/>
    </resource>
    <resource>
      <extension url="http://hl7.org/fhir/tools/StructureDefinition/resource-information">
        <valueString value="ValueSet"/>
      </extension>
      <reference>
        <reference value="ValueSet/BRTipoEstabelecimentoSaude-1.0"/>
      </reference>
      <name value="Tipo de Estabelecimento de Saúde"/>
      <description value="ValueSet utilizado para classificar o tipo de estabelecimento de saúde."/>
    </resource>
    <resource>
      <extension url="http://hl7.org/fhir/tools/StructureDefinition/resource-information">
        <valueString value="CodeSystem"/>
      </extension>
      <reference>
        <reference value="CodeSystem/BRTipoIdentificador"/>
      </reference>
      <name value="Tipo de Identificador"/>
      <description value="Classifica o tipo de indicador que está sendo utilizado."/>
    </resource>
    <resource>
      <extension url="http://hl7.org/fhir/tools/StructureDefinition/resource-information">
        <valueString value="CodeSystem"/>
      </extension>
      <reference>
        <reference value="CodeSystem/BRTipoLogradouro"/>
      </reference>
      <name value="Tipo de Logradouro"/>
      <description value="Classificação os tipos de logradouros existentes para uso em endereços estruturados."/>
    </resource>
    <resource>
      <extension url="http://hl7.org/fhir/tools/StructureDefinition/resource-information">
        <valueString value="ValueSet"/>
      </extension>
      <reference>
        <reference value="ValueSet/BRTipoLogradouro-1.0"/>
      </reference>
      <name value="Tipo de Logradouro"/>
      <description value="Classifica o tipo de logradouro."/>
    </resource>
    <resource>
      <extension url="http://hl7.org/fhir/tools/StructureDefinition/resource-information">
        <valueString value="ValueSet"/>
      </extension>
      <reference>
        <reference value="ValueSet/BRUnidadeFederativa-1.0"/>
      </reference>
      <name value="Unidade Federativa"/>
      <description value="Os estados e o Distrito Federal, entes subnacionais brasileiros."/>
    </resource>
    <resource>
      <extension url="http://hl7.org/fhir/tools/StructureDefinition/resource-information">
        <valueString value="CodeSystem"/>
      </extension>
      <reference>
        <reference value="CodeSystem/BRViaAdministracao"/>
      </reference>
      <name value="Via de Administração"/>
      <description value="Classifica a via na qual foi administrada uma substância em um indivíduo."/>
    </resource>
    <resource>
      <extension url="http://hl7.org/fhir/tools/StructureDefinition/resource-information">
        <valueString value="ValueSet"/>
      </extension>
      <reference>
        <reference value="ValueSet/BRViaAdministracao-1.0"/>
      </reference>
      <name value="Via de administração de um imunobiológico"/>
      <description value="Via de administração de um imunobiológico."/>
    </resource>
    <page>
      <nameUrl value="toc.html"/>
      <title value="Conteúdo"/>
      <generation value="html"/>
      <page>
        <nameUrl value="index.html"/>
        <title value="Home IGRNDS"/>
        <generation value="html"/>
      </page>
      <page>
        <nameUrl value="background.html"/>
        <title value="Background"/>
        <generation value="html"/>
      </page>
      <page>
        <nameUrl value="spec.html"/>
        <title value="Especificações"/>
        <generation value="markdown"/>
      </page>
      <page>
        <nameUrl value="downloads.html"/>
        <title value="Arquivos Úteis"/>
        <generation value="html"/>
      </page>
      <page>
        <nameUrl value="changes.html"/>
        <title value="Histórico de Mudanças"/>
        <generation value="html"/>
      </page>
    </page>
    <parameter>
      <code value="path-resource"/>
      <value value="input\history"/>
    </parameter>
    <parameter>
      <code value="path-resource"/>
      <value value="input/capabilities"/>
    </parameter>
    <parameter>
      <code value="path-resource"/>
      <value value="input/examples"/>
    </parameter>
    <parameter>
      <code value="path-resource"/>
      <value value="input/extensions"/>
    </parameter>
    <parameter>
      <code value="path-resource"/>
      <value value="input/models"/>
    </parameter>
    <parameter>
      <code value="path-resource"/>
      <value value="input/operations"/>
    </parameter>
    <parameter>
      <code value="path-resource"/>
      <value value="input/profiles"/>
    </parameter>
    <parameter>
      <code value="path-resource"/>
      <value value="input/resources"/>
    </parameter>
    <parameter>
      <code value="path-resource"/>
      <value value="input/vocabulary"/>
    </parameter>
    <parameter>
      <code value="path-resource"/>
      <value value="input/testing"/>
    </parameter>
    <parameter>
      <code value="path-resource"/>
      <value value="input/history"/>
    </parameter>
    <parameter>
      <code value="path-resource"/>
      <value value="fsh-generated/resources"/>
    </parameter>
    <parameter>
      <code value="path-pages"/>
      <value value="template/config"/>
    </parameter>
    <parameter>
      <code value="path-pages"/>
      <value value="input/images"/>
    </parameter>
    <parameter>
      <code value="path-tx-cache"/>
      <value value="input-cache/txcache"/>
    </parameter>
  </definition>
</ImplementationGuide>