{
  "resourceType": "ImplementationGuide",
  "id": "example.fhir.uv.myig",
  "text": {
    "status": "extensions",
    "div": "<div xmlns=\"http://www.w3.org/1999/xhtml\"><h2>IGRNDS</h2><p>The official URL for this implementation guide is: </p><pre>http://www.saude.gov.br/fhir/r4/ImplementationGuide/rnds</pre><div><p>Guia de Implementação FHIR da Rede Nacional de Dados em Saúde</p>\n</div></div>"
  },
  "url": "http://www.saude.gov.br/fhir/r4/ImplementationGuide/rnds",
  "version": "0.2.0",
  "name": "IGRNDS",
  "title": "Implementation Guide RNDS",
  "status": "draft",
  "experimental": false,
  "date": "2021-11-30T19:57:56-03:00",
  "publisher": "Ministério da Saúde",
  "contact": [
    {
      "telecom": [
        {
          "system": "url",
          "value": "https://www.gov.br/saude/pt-br"
        }
      ]
    }
  ],
  "description": "Guia de Implementação FHIR da Rede Nacional de Dados em Saúde",
  "jurisdiction": [
    {
      "coding": [
        {
          "system": "http://unstats.un.org/unsd/methods/m49/m49.htm",
          "code": "001"
        }
      ]
    }
  ],
  "packageId": "example.fhir.uv.myig",
  "license": "CC0-1.0",
  "fhirVersion": [
    "4.0.1"
  ],
  "definition": {
    "extension": [
      {
        "extension": [
          {
            "url": "code",
            "valueString": "copyrightyear"
          },
          {
            "url": "value",
            "valueString": "2021+"
          }
        ],
        "url": "http://hl7.org/fhir/tools/StructureDefinition/ig-parameter"
      },
      {
        "extension": [
          {
            "url": "code",
            "valueString": "releaselabel"
          },
          {
            "url": "value",
            "valueString": "Build de Integração Contínua"
          }
        ],
        "url": "http://hl7.org/fhir/tools/StructureDefinition/ig-parameter"
      },
      {
        "extension": [
          {
            "url": "code",
            "valueString": "path-binary"
          },
          {
            "url": "value",
            "valueString": "input\\cql"
          }
        ],
        "url": "http://hl7.org/fhir/tools/StructureDefinition/ig-parameter"
      },
      {
        "extension": [
          {
            "url": "code",
            "valueString": "path-liquid"
          },
          {
            "url": "value",
            "valueString": "templates\\liquid"
          }
        ],
        "url": "http://hl7.org/fhir/tools/StructureDefinition/ig-parameter"
      },
      {
        "extension": [
          {
            "url": "code",
            "valueString": "shownav"
          },
          {
            "url": "value",
            "valueString": "true"
          }
        ],
        "url": "http://hl7.org/fhir/tools/StructureDefinition/ig-parameter"
      },
      {
        "extension": [
          {
            "url": "code",
            "valueString": "showsource"
          },
          {
            "url": "value",
            "valueString": "true"
          }
        ],
        "url": "http://hl7.org/fhir/tools/StructureDefinition/ig-parameter"
      },
      {
        "extension": [
          {
            "url": "code",
            "valueString": "autoload-resources"
          },
          {
            "url": "value",
            "valueString": "true"
          }
        ],
        "url": "http://hl7.org/fhir/tools/StructureDefinition/ig-parameter"
      },
      {
        "extension": [
          {
            "url": "code",
            "valueString": "path-liquid"
          },
          {
            "url": "value",
            "valueString": "template/liquid"
          }
        ],
        "url": "http://hl7.org/fhir/tools/StructureDefinition/ig-parameter"
      },
      {
        "extension": [
          {
            "url": "code",
            "valueString": "path-liquid"
          },
          {
            "url": "value",
            "valueString": "input/liquid"
          }
        ],
        "url": "http://hl7.org/fhir/tools/StructureDefinition/ig-parameter"
      },
      {
        "extension": [
          {
            "url": "code",
            "valueString": "path-qa"
          },
          {
            "url": "value",
            "valueString": "temp/qa"
          }
        ],
        "url": "http://hl7.org/fhir/tools/StructureDefinition/ig-parameter"
      },
      {
        "extension": [
          {
            "url": "code",
            "valueString": "path-temp"
          },
          {
            "url": "value",
            "valueString": "temp/pages"
          }
        ],
        "url": "http://hl7.org/fhir/tools/StructureDefinition/ig-parameter"
      },
      {
        "extension": [
          {
            "url": "code",
            "valueString": "path-output"
          },
          {
            "url": "value",
            "valueString": "output"
          }
        ],
        "url": "http://hl7.org/fhir/tools/StructureDefinition/ig-parameter"
      },
      {
        "extension": [
          {
            "url": "code",
            "valueString": "path-suppressed-warnings"
          },
          {
            "url": "value",
            "valueString": "input/ignoreWarnings.txt"
          }
        ],
        "url": "http://hl7.org/fhir/tools/StructureDefinition/ig-parameter"
      },
      {
        "extension": [
          {
            "url": "code",
            "valueString": "path-history"
          },
          {
            "url": "value",
            "valueString": "http://www.saude.gov.br/fhir/r4/history.html"
          }
        ],
        "url": "http://hl7.org/fhir/tools/StructureDefinition/ig-parameter"
      },
      {
        "extension": [
          {
            "url": "code",
            "valueString": "template-html"
          },
          {
            "url": "value",
            "valueString": "template-page.html"
          }
        ],
        "url": "http://hl7.org/fhir/tools/StructureDefinition/ig-parameter"
      },
      {
        "extension": [
          {
            "url": "code",
            "valueString": "template-md"
          },
          {
            "url": "value",
            "valueString": "template-page-md.html"
          }
        ],
        "url": "http://hl7.org/fhir/tools/StructureDefinition/ig-parameter"
      },
      {
        "extension": [
          {
            "url": "code",
            "valueString": "apply-contact"
          },
          {
            "url": "value",
            "valueString": "true"
          }
        ],
        "url": "http://hl7.org/fhir/tools/StructureDefinition/ig-parameter"
      },
      {
        "extension": [
          {
            "url": "code",
            "valueString": "apply-context"
          },
          {
            "url": "value",
            "valueString": "true"
          }
        ],
        "url": "http://hl7.org/fhir/tools/StructureDefinition/ig-parameter"
      },
      {
        "extension": [
          {
            "url": "code",
            "valueString": "apply-copyright"
          },
          {
            "url": "value",
            "valueString": "true"
          }
        ],
        "url": "http://hl7.org/fhir/tools/StructureDefinition/ig-parameter"
      },
      {
        "extension": [
          {
            "url": "code",
            "valueString": "apply-jurisdiction"
          },
          {
            "url": "value",
            "valueString": "true"
          }
        ],
        "url": "http://hl7.org/fhir/tools/StructureDefinition/ig-parameter"
      },
      {
        "extension": [
          {
            "url": "code",
            "valueString": "apply-license"
          },
          {
            "url": "value",
            "valueString": "true"
          }
        ],
        "url": "http://hl7.org/fhir/tools/StructureDefinition/ig-parameter"
      },
      {
        "extension": [
          {
            "url": "code",
            "valueString": "apply-publisher"
          },
          {
            "url": "value",
            "valueString": "true"
          }
        ],
        "url": "http://hl7.org/fhir/tools/StructureDefinition/ig-parameter"
      },
      {
        "extension": [
          {
            "url": "code",
            "valueString": "apply-version"
          },
          {
            "url": "value",
            "valueString": "true"
          }
        ],
        "url": "http://hl7.org/fhir/tools/StructureDefinition/ig-parameter"
      },
      {
        "extension": [
          {
            "url": "code",
            "valueString": "active-tables"
          },
          {
            "url": "value",
            "valueString": "true"
          }
        ],
        "url": "http://hl7.org/fhir/tools/StructureDefinition/ig-parameter"
      }
    ],
    "resource": [
      {
        "extension": [
          {
            "url": "http://hl7.org/fhir/tools/StructureDefinition/resource-information",
            "valueString": "Organization"
          }
        ],
        "reference": {
          "reference": "Organization/1234567"
        },
        "name": "Example Organization - 1234567",
        "exampleCanonical": "http://www.saude.gov.br/fhir/r4/StructureDefinition/BREstabelecimentoSaude-1.0"
      },
      {
        "extension": [
          {
            "url": "http://hl7.org/fhir/tools/StructureDefinition/resource-information",
            "valueString": "Organization"
          }
        ],
        "reference": {
          "reference": "Organization/41004547000495"
        },
        "name": "Example Organization - 41004547000495",
        "exampleCanonical": "http://www.saude.gov.br/fhir/r4/StructureDefinition/BRPessoaJuridicaProfissionalLiberal-1.0"
      },
      {
        "extension": [
          {
            "url": "http://hl7.org/fhir/tools/StructureDefinition/resource-information",
            "valueString": "Immunization"
          }
        ],
        "reference": {
          "reference": "Immunization/rdns-brimunobiologicoadministradocampanha"
        },
        "name": "Example Immunization - rdns-brimunobiologicoadministradocampanha",
        "exampleCanonical": "http://www.saude.gov.br/fhir/r4/StructureDefinition/BRImunobiologicoAdministradoCampanha-2.0"
      },
      {
        "extension": [
          {
            "url": "http://hl7.org/fhir/tools/StructureDefinition/resource-information",
            "valueString": "Patient"
          }
        ],
        "reference": {
          "reference": "Patient/712176901347489"
        },
        "name": "Example Patient - 712176901347489",
        "exampleCanonical": "http://www.saude.gov.br/fhir/r4/StructureDefinition/BRIndividuo-1.0"
      },
      {
        "extension": [
          {
            "url": "http://hl7.org/fhir/tools/StructureDefinition/resource-information",
            "valueString": "Practitioner"
          }
        ],
        "reference": {
          "reference": "Practitioner/980016002400589"
        },
        "name": "Example Practitioner - 980016002400589",
        "exampleCanonical": "http://www.saude.gov.br/fhir/r4/StructureDefinition/BRProfissional-1.0"
      },
      {
        "extension": [
          {
            "url": "http://hl7.org/fhir/tools/StructureDefinition/resource-information",
            "valueString": "Bundle"
          }
        ],
        "reference": {
          "reference": "Bundle/rnds-brregistroimunobiologicoadministradocampanha-0"
        },
        "name": "Example Bundle - rnds-brregistroimunobiologicoadministradocampanha-0",
        "exampleCanonical": "http://www.saude.gov.br/fhir/r4/StructureDefinition/BRImunobiologicoAdministradoCampanha-2.0"
      },
      {
        "extension": [
          {
            "url": "http://hl7.org/fhir/tools/StructureDefinition/resource-information",
            "valueString": "StructureDefinition:extension"
          }
        ],
        "reference": {
          "reference": "StructureDefinition/BRAdministradorTerceiro-1.0"
        },
        "name": "Gerente/Administrador (Terceiro) ou Interveniente",
        "description": "Identifica organizações que são gerentes/administradoras (terceiras) ou intervenientes de outras."
      },
      {
        "extension": [
          {
            "url": "http://hl7.org/fhir/tools/StructureDefinition/resource-information",
            "valueString": "StructureDefinition:extension"
          }
        ],
        "reference": {
          "reference": "StructureDefinition/BRAtendeSUS-1.0"
        },
        "name": "Atende SUS",
        "description": "Extensão utilizada para identificar se um profissional ou Estabelecimento de Saúde oferece atendimento pelo Sistema Único de Saúde (SUS)."
      },
      {
        "extension": [
          {
            "url": "http://hl7.org/fhir/tools/StructureDefinition/resource-information",
            "valueString": "StructureDefinition:extension"
          }
        ],
        "reference": {
          "reference": "StructureDefinition/BRBairro-1.0"
        },
        "name": "Bairro de um endereço",
        "description": "Extensão utilizada para identificar o bairro de um endereço."
      },
      {
        "extension": [
          {
            "url": "http://hl7.org/fhir/tools/StructureDefinition/resource-information",
            "valueString": "CodeSystem"
          }
        ],
        "reference": {
          "reference": "CodeSystem/BRCBO"
        },
        "name": "Classificação Brasileira de Ocupações - CBO",
        "description": "Classifica as profissões do mercado de trabalho brasileiro."
      },
      {
        "extension": [
          {
            "url": "http://hl7.org/fhir/tools/StructureDefinition/resource-information",
            "valueString": "CodeSystem"
          }
        ],
        "reference": {
          "reference": "CodeSystem/BRCondicaoMaternal"
        },
        "name": "Condição Maternal",
        "description": "Indicação da condição maternal da pessoa vacinada."
      },
      {
        "extension": [
          {
            "url": "http://hl7.org/fhir/tools/StructureDefinition/resource-information",
            "valueString": "StructureDefinition:extension"
          }
        ],
        "reference": {
          "reference": "StructureDefinition/BRCondicaoMaternal"
        },
        "name": "Condição Maternal",
        "description": "Indicação da condição maternal da pessoa vacinada (Nenhuma, Gestante, Puérpera). O campo é de preenchimento obrigatório para indivíduos em idade fértil, independente do sexo."
      },
      {
        "extension": [
          {
            "url": "http://hl7.org/fhir/tools/StructureDefinition/resource-information",
            "valueString": "ValueSet"
          }
        ],
        "reference": {
          "reference": "ValueSet/BRCondicaoMaternal-1.0"
        },
        "name": "Condição Maternal",
        "description": "ValueSet utilizado para Indicar a condição maternal da pessoa vacinada."
      },
      {
        "extension": [
          {
            "url": "http://hl7.org/fhir/tools/StructureDefinition/resource-information",
            "valueString": "CodeSystem"
          }
        ],
        "reference": {
          "reference": "CodeSystem/BRDivisaoGeograficaBrasil"
        },
        "name": "Divisão Geográfica do Brasil",
        "description": "As regiões geográficas, estados, distrito federal e municípios do Brasil."
      },
      {
        "extension": [
          {
            "url": "http://hl7.org/fhir/tools/StructureDefinition/resource-information",
            "valueString": "StructureDefinition:complex-type"
          }
        ],
        "reference": {
          "reference": "StructureDefinition/BRDocumentoIndividuo-1.0"
        },
        "name": "Documento do Indivíduo",
        "description": "Documento do Indivíduo"
      },
      {
        "extension": [
          {
            "url": "http://hl7.org/fhir/tools/StructureDefinition/resource-information",
            "valueString": "CodeSystem"
          }
        ],
        "reference": {
          "reference": "CodeSystem/BRDose"
        },
        "name": "Indentificação da Dose",
        "description": "Define a dose da administração de uma substância."
      },
      {
        "extension": [
          {
            "url": "http://hl7.org/fhir/tools/StructureDefinition/resource-information",
            "valueString": "ValueSet"
          }
        ],
        "reference": {
          "reference": "ValueSet/BRDose-1.0"
        },
        "name": "Dose Administrada no Indivíduo",
        "description": "ValueSet utilizado para definir o tipo da dose administrada no indivíduo."
      },
      {
        "extension": [
          {
            "url": "http://hl7.org/fhir/tools/StructureDefinition/resource-information",
            "valueString": "StructureDefinition:complex-type"
          }
        ],
        "reference": {
          "reference": "StructureDefinition/BREndereco-1.0"
        },
        "name": "Endereço",
        "description": "Padronização de endereços no Brasil."
      },
      {
        "extension": [
          {
            "url": "http://hl7.org/fhir/tools/StructureDefinition/resource-information",
            "valueString": "StructureDefinition:resource"
          }
        ],
        "reference": {
          "reference": "StructureDefinition/BREstabelecimentoSaude-1.0"
        },
        "name": "Estabelecimento de Saúde",
        "description": "Espaço físico delimitado e permanente onde são realizadas ações e serviços de saúde humana sob responsabilidade técnica."
      },
      {
        "extension": [
          {
            "url": "http://hl7.org/fhir/tools/StructureDefinition/resource-information",
            "valueString": "ValueSet"
          }
        ],
        "reference": {
          "reference": "ValueSet/BREstadoDocumento-1.0"
        },
        "name": "Estado de um documento",
        "description": "Classifica o estado de um documento."
      },
      {
        "extension": [
          {
            "url": "http://hl7.org/fhir/tools/StructureDefinition/resource-information",
            "valueString": "ValueSet"
          }
        ],
        "reference": {
          "reference": "ValueSet/BREstadoEvento-1.0"
        },
        "name": "Estado de um Evento",
        "description": "Identificação do estado de um evento."
      },
      {
        "extension": [
          {
            "url": "http://hl7.org/fhir/tools/StructureDefinition/resource-information",
            "valueString": "CodeSystem"
          }
        ],
        "reference": {
          "reference": "CodeSystem/BREstrategiaVacinacao"
        },
        "name": "Estratégia de Vacinação",
        "description": "Classifica a estratégia de vacinação adotada."
      },
      {
        "extension": [
          {
            "url": "http://hl7.org/fhir/tools/StructureDefinition/resource-information",
            "valueString": "StructureDefinition:extension"
          }
        ],
        "reference": {
          "reference": "StructureDefinition/BREstrategiaVacinacao-1.0"
        },
        "name": "Estratégia de Vacinação",
        "description": "Identifica a estratégia de vacinação adotada."
      },
      {
        "extension": [
          {
            "url": "http://hl7.org/fhir/tools/StructureDefinition/resource-information",
            "valueString": "ValueSet"
          }
        ],
        "reference": {
          "reference": "ValueSet/BREstrategiaVacinacao-1.0"
        },
        "name": "Estratégia de Vacinação",
        "description": "Identifica a estratégia de vacinação adotada."
      },
      {
        "extension": [
          {
            "url": "http://hl7.org/fhir/tools/StructureDefinition/resource-information",
            "valueString": "StructureDefinition:extension"
          }
        ],
        "reference": {
          "reference": "StructureDefinition/BREstrategiaVacinacaoPesquisa-1.0"
        },
        "name": "Dados da Pesquisa Clínica Registrada na ANVISA",
        "description": "Extensão para as informações relacionadas aos dados da pesquisa clínica registrada na ANVISA."
      },
      {
        "extension": [
          {
            "url": "http://hl7.org/fhir/tools/StructureDefinition/resource-information",
            "valueString": "CodeSystem"
          }
        ],
        "reference": {
          "reference": "CodeSystem/BREtniaIndigena"
        },
        "name": "Etnia Indígena",
        "description": "Códigos para representação de etnias indígenas no Brasil."
      },
      {
        "extension": [
          {
            "url": "http://hl7.org/fhir/tools/StructureDefinition/resource-information",
            "valueString": "ValueSet"
          }
        ],
        "reference": {
          "reference": "ValueSet/BREtniaIndigena-1.0"
        },
        "name": "Etnia Indígena",
        "description": "Códigos para representação de etnias indígenas no Brasil."
      },
      {
        "extension": [
          {
            "url": "http://hl7.org/fhir/tools/StructureDefinition/resource-information",
            "valueString": "ValueSet"
          }
        ],
        "reference": {
          "reference": "ValueSet/BRFabricanteImunobiologico-1.0"
        },
        "name": "Fabricante do Imunobiológico",
        "description": "Fabricante do imunobiológico administrado"
      },
      {
        "extension": [
          {
            "url": "http://hl7.org/fhir/tools/StructureDefinition/resource-information",
            "valueString": "CodeSystem"
          }
        ],
        "reference": {
          "reference": "CodeSystem/BRFabricantePNI"
        },
        "name": "Fabricante do Imunobiológico",
        "description": "Apresenta o fabricante do imunobiológico."
      },
      {
        "extension": [
          {
            "url": "http://hl7.org/fhir/tools/StructureDefinition/resource-information",
            "valueString": "CodeSystem"
          }
        ],
        "reference": {
          "reference": "CodeSystem/BRGrupoAtendimento"
        },
        "name": "Grupo de Atendimento",
        "description": "Domínio que identifica o tipo de grupo de atendimento que o indivíduo apresentou para a vacinação em campanha."
      },
      {
        "extension": [
          {
            "url": "http://hl7.org/fhir/tools/StructureDefinition/resource-information",
            "valueString": "StructureDefinition:extension"
          }
        ],
        "reference": {
          "reference": "StructureDefinition/BRGrupoAtendimento"
        },
        "name": "Grupo de Atendimento",
        "description": "Identificação do grupo de atendimento para vacinação."
      },
      {
        "extension": [
          {
            "url": "http://hl7.org/fhir/tools/StructureDefinition/resource-information",
            "valueString": "ValueSet"
          }
        ],
        "reference": {
          "reference": "ValueSet/BRGrupoAtendimento-1.0"
        },
        "name": "Tipo de grupo de atendimento",
        "description": "Identifica o tipo de grupo de atendimento que o indivíduo apresentou para a vacinação em campanha."
      },
      {
        "extension": [
          {
            "url": "http://hl7.org/fhir/tools/StructureDefinition/resource-information",
            "valueString": "CodeSystem"
          }
        ],
        "reference": {
          "reference": "CodeSystem/BRImunobiologico"
        },
        "name": "Imunobiológico",
        "description": "Classifica os tipos de imunobiológicos."
      },
      {
        "extension": [
          {
            "url": "http://hl7.org/fhir/tools/StructureDefinition/resource-information",
            "valueString": "ValueSet"
          }
        ],
        "reference": {
          "reference": "ValueSet/BRImunobiologico-1.0"
        },
        "name": "Imunobiológico",
        "description": "Tipos de imunobiológicos disponíveis no Brasil."
      },
      {
        "extension": [
          {
            "url": "http://hl7.org/fhir/tools/StructureDefinition/resource-information",
            "valueString": "StructureDefinition:resource"
          }
        ],
        "reference": {
          "reference": "StructureDefinition/BRImunobiologicoAdministradoCampanha-2.0"
        },
        "name": "Imunobiológico Administrado em Campanha",
        "description": "Representa um imunobiológico administrado em campanha vacinal."
      },
      {
        "extension": [
          {
            "url": "http://hl7.org/fhir/tools/StructureDefinition/resource-information",
            "valueString": "StructureDefinition:resource"
          }
        ],
        "reference": {
          "reference": "StructureDefinition/BRIndividuo-1.0"
        },
        "name": "Indivíduo",
        "description": "Indíviduo, sujeito da assistência à saúde."
      },
      {
        "extension": [
          {
            "url": "http://hl7.org/fhir/tools/StructureDefinition/resource-information",
            "valueString": "StructureDefinition:extension"
          }
        ],
        "reference": {
          "reference": "StructureDefinition/BRIndividuoProtegido-1.0"
        },
        "name": "Indivíduo Protegido",
        "description": "Extensão utilizada para identificar indivíduos que possuem  maior restrição à disponibilização de seus dados, por possuirem grande exposição pública (ex.: político, esportista, artista famoso etc.), estarem em programa de proteção à testemunha, o objeto de seu trabalho colocá-los em risco (investigadores da inteligência, p.ex.), dentre outros."
      },
      {
        "extension": [
          {
            "url": "http://hl7.org/fhir/tools/StructureDefinition/resource-information",
            "valueString": "StructureDefinition:extension"
          }
        ],
        "reference": {
          "reference": "StructureDefinition/BRJurisdicaoOrgaoEmissor-1.0"
        },
        "name": "Jurisdição do Órgão Expedidor",
        "description": "Jurisdição de Órgãos Expedidores"
      },
      {
        "extension": [
          {
            "url": "http://hl7.org/fhir/tools/StructureDefinition/resource-information",
            "valueString": "CodeSystem"
          }
        ],
        "reference": {
          "reference": "CodeSystem/BRLocalAplicacao"
        },
        "name": "Local de Aplicação",
        "description": "Define a localização anatômica de aplicação de uma substância"
      },
      {
        "extension": [
          {
            "url": "http://hl7.org/fhir/tools/StructureDefinition/resource-information",
            "valueString": "ValueSet"
          }
        ],
        "reference": {
          "reference": "ValueSet/BRLocalAplicacao-1.0"
        },
        "name": "Local de Aplicação",
        "description": "Localização anatômica para aplicação de um injetável."
      },
      {
        "extension": [
          {
            "url": "http://hl7.org/fhir/tools/StructureDefinition/resource-information",
            "valueString": "StructureDefinition:complex-type"
          }
        ],
        "reference": {
          "reference": "StructureDefinition/BRMeioContato-1.0"
        },
        "name": "Meio de Contato",
        "description": "Padronização de meios de contato no Brasil."
      },
      {
        "extension": [
          {
            "url": "http://hl7.org/fhir/tools/StructureDefinition/resource-information",
            "valueString": "StructureDefinition:extension"
          }
        ],
        "reference": {
          "reference": "StructureDefinition/BRMunicipio-1.0"
        },
        "name": "Município",
        "description": "Extensão para informar um município."
      },
      {
        "extension": [
          {
            "url": "http://hl7.org/fhir/tools/StructureDefinition/resource-information",
            "valueString": "ValueSet"
          }
        ],
        "reference": {
          "reference": "ValueSet/BRMunicipio-1.0"
        },
        "name": "Município",
        "description": "Municípios brasileiros, entes subnacionais."
      },
      {
        "extension": [
          {
            "url": "http://hl7.org/fhir/tools/StructureDefinition/resource-information",
            "valueString": "StructureDefinition:extension"
          }
        ],
        "reference": {
          "reference": "StructureDefinition/BRNaturalizacao-1.0"
        },
        "name": "Dados de Naturalização",
        "description": "Extensão para as informações de naturalização de um indivíduo."
      },
      {
        "extension": [
          {
            "url": "http://hl7.org/fhir/tools/StructureDefinition/resource-information",
            "valueString": "CodeSystem"
          }
        ],
        "reference": {
          "reference": "CodeSystem/BRNaturezaJuridica"
        },
        "name": "Natureza Jurídica",
        "description": "Identifica a constituição jurídico-institucional das entidades públicas e privadas nos cadastros da administração pública do Brasil."
      },
      {
        "extension": [
          {
            "url": "http://hl7.org/fhir/tools/StructureDefinition/resource-information",
            "valueString": "ValueSet"
          }
        ],
        "reference": {
          "reference": "ValueSet/BRNaturezaJuridica-1.0"
        },
        "name": "Natureza Jurídica",
        "description": "Identifica a constituição jurídico-institucional das entidades públicas e privadas nos cadastros da administração pública do Brasil."
      },
      {
        "extension": [
          {
            "url": "http://hl7.org/fhir/tools/StructureDefinition/resource-information",
            "valueString": "StructureDefinition:complex-type"
          }
        ],
        "reference": {
          "reference": "StructureDefinition/BRNomeIndividuo-1.0"
        },
        "name": "Nome de Indivíduos",
        "description": "Padronização de uso de nomes de indivíduo no Brasil."
      },
      {
        "extension": [
          {
            "url": "http://hl7.org/fhir/tools/StructureDefinition/resource-information",
            "valueString": "ValueSet"
          }
        ],
        "reference": {
          "reference": "ValueSet/BROcupacao-1.0"
        },
        "name": "Classificação Brasileira de Ocupações - CBO",
        "description": "Classifica as profissões do mercado de trabalho brasileiro."
      },
      {
        "extension": [
          {
            "url": "http://hl7.org/fhir/tools/StructureDefinition/resource-information",
            "valueString": "CodeSystem"
          }
        ],
        "reference": {
          "reference": "CodeSystem/BROrgaoExpedidor"
        },
        "name": "Órgão Expedidor",
        "description": "Órgãos responsáveis por expedir documentos no Brasil."
      },
      {
        "extension": [
          {
            "url": "http://hl7.org/fhir/tools/StructureDefinition/resource-information",
            "valueString": "ValueSet"
          }
        ],
        "reference": {
          "reference": "ValueSet/BROrgaoExpedidor-1.0"
        },
        "name": "Orgão Expedidor",
        "description": "Lista de órgãos responsáveis por expedir documentos no Brasil."
      },
      {
        "extension": [
          {
            "url": "http://hl7.org/fhir/tools/StructureDefinition/resource-information",
            "valueString": "CodeSystem"
          }
        ],
        "reference": {
          "reference": "CodeSystem/BRPais"
        },
        "name": "País",
        "description": "Códigos para representação de países."
      },
      {
        "extension": [
          {
            "url": "http://hl7.org/fhir/tools/StructureDefinition/resource-information",
            "valueString": "StructureDefinition:extension"
          }
        ],
        "reference": {
          "reference": "StructureDefinition/BRPais-1.0"
        },
        "name": "País",
        "description": "Extensão para representar um país."
      },
      {
        "extension": [
          {
            "url": "http://hl7.org/fhir/tools/StructureDefinition/resource-information",
            "valueString": "ValueSet"
          }
        ],
        "reference": {
          "reference": "ValueSet/BRPais-1.0"
        },
        "name": "País",
        "description": "Códigos para representação de países."
      },
      {
        "extension": [
          {
            "url": "http://hl7.org/fhir/tools/StructureDefinition/resource-information",
            "valueString": "CodeSystem"
          }
        ],
        "reference": {
          "reference": "CodeSystem/BRParentesco"
        },
        "name": "Parentesco",
        "description": "Classificação da relação familiar entre indivíduos."
      },
      {
        "extension": [
          {
            "url": "http://hl7.org/fhir/tools/StructureDefinition/resource-information",
            "valueString": "ValueSet"
          }
        ],
        "reference": {
          "reference": "ValueSet/BRParentesco-1.0"
        },
        "name": "Parentesco",
        "description": "Classificação da relação familiar entre indivíduos."
      },
      {
        "extension": [
          {
            "url": "http://hl7.org/fhir/tools/StructureDefinition/resource-information",
            "valueString": "StructureDefinition:extension"
          }
        ],
        "reference": {
          "reference": "StructureDefinition/BRParentesIndividuo-1.0"
        },
        "name": "Parentes do Indivíduo",
        "description": "Resource para representar parentescos de indivíduo."
      },
      {
        "extension": [
          {
            "url": "http://hl7.org/fhir/tools/StructureDefinition/resource-information",
            "valueString": "StructureDefinition:resource"
          }
        ],
        "reference": {
          "reference": "StructureDefinition/BRPessoaJuridicaProfissionalLiberal-1.0"
        },
        "name": "Pessoa Jurídica e Profissional Liberal",
        "description": "Pessoa jurídica identificada no âmbito da Receita Federal do Brasil pelo Cadastro Nacional da Pessoa Jurídica (CNPJ) ou profissional liberal identificado pelo Cadastro de Pessoas Físicas (CPF)."
      },
      {
        "extension": [
          {
            "url": "http://hl7.org/fhir/tools/StructureDefinition/resource-information",
            "valueString": "StructureDefinition:resource"
          }
        ],
        "reference": {
          "reference": "StructureDefinition/BRProfissional-1.0"
        },
        "name": "Profissional",
        "description": "Indivíduo que realiza atividades profissionais."
      },
      {
        "extension": [
          {
            "url": "http://hl7.org/fhir/tools/StructureDefinition/resource-information",
            "valueString": "StructureDefinition:extension"
          }
        ],
        "reference": {
          "reference": "StructureDefinition/BRQualidadeCadastroIndividuo-1.0"
        },
        "name": "Qualidade do Cadastro do Indivíduo",
        "description": "Grau de qualidade de um registro de um indivíduo, vai de 0 até 100."
      },
      {
        "extension": [
          {
            "url": "http://hl7.org/fhir/tools/StructureDefinition/resource-information",
            "valueString": "CodeSystem"
          }
        ],
        "reference": {
          "reference": "CodeSystem/BRRacaCor"
        },
        "name": "Raça/Cor",
        "description": "Códigos para representação de raça/cor."
      },
      {
        "extension": [
          {
            "url": "http://hl7.org/fhir/tools/StructureDefinition/resource-information",
            "valueString": "ValueSet"
          }
        ],
        "reference": {
          "reference": "ValueSet/BRRacaCor-1.0"
        },
        "name": "Raça/Cor",
        "description": "Códigos para representação de raça/cor no Brasil."
      },
      {
        "extension": [
          {
            "url": "http://hl7.org/fhir/tools/StructureDefinition/resource-information",
            "valueString": "StructureDefinition:extension"
          }
        ],
        "reference": {
          "reference": "StructureDefinition/BRRacaCorEtnia-1.0"
        },
        "name": "Raça/Cor e Etnina",
        "description": "Extensão para para representar dados relacionados à raça/cor e etnia de um indivíduo."
      },
      {
        "extension": [
          {
            "url": "http://hl7.org/fhir/tools/StructureDefinition/resource-information",
            "valueString": "StructureDefinition:resource"
          }
        ],
        "reference": {
          "reference": "StructureDefinition/BRRegistroImunobiologicoAdministradoCampanha-2.0"
        },
        "name": "Registro de Imunobiológico Administrado na Campanha",
        "description": "Documento que aprepresenta o registro da administração de imunobiológicos em campanha vacinal."
      },
      {
        "extension": [
          {
            "url": "http://hl7.org/fhir/tools/StructureDefinition/resource-information",
            "valueString": "ValueSet"
          }
        ],
        "reference": {
          "reference": "ValueSet/BRSexo-1.0"
        },
        "name": "Sexo",
        "description": "Sexo de um indivíduo."
      },
      {
        "extension": [
          {
            "url": "http://hl7.org/fhir/tools/StructureDefinition/resource-information",
            "valueString": "CodeSystem"
          }
        ],
        "reference": {
          "reference": "CodeSystem/BRTipoDocumento"
        },
        "name": "Tipo de Documento",
        "description": "Classificação dos tipos de documentos compartilhados no Brasil."
      },
      {
        "extension": [
          {
            "url": "http://hl7.org/fhir/tools/StructureDefinition/resource-information",
            "valueString": "ValueSet"
          }
        ],
        "reference": {
          "reference": "ValueSet/BRTipoDocumento-1.0"
        },
        "name": "Tipo de Dcoumento",
        "description": "Classifica o tipo de documento que está sendo trafegado."
      },
      {
        "extension": [
          {
            "url": "http://hl7.org/fhir/tools/StructureDefinition/resource-information",
            "valueString": "ValueSet"
          }
        ],
        "reference": {
          "reference": "ValueSet/BRTipoDocumentoIndividuo-1.0"
        },
        "name": "Tipo de Documento do Indivíduo",
        "description": "Classifica o tipo de documento que está sendo utilizado para identificar o indivíduo."
      },
      {
        "extension": [
          {
            "url": "http://hl7.org/fhir/tools/StructureDefinition/resource-information",
            "valueString": "CodeSystem"
          }
        ],
        "reference": {
          "reference": "CodeSystem/BRTipoEstabelecimentoSaude"
        },
        "name": "Tipo de Estabelecimento de Saúde",
        "description": "Códigos para representação de tipos de estabelecimentos de saúde, de acordo com codificação já existente para o Cadastro Nacional de Estabelecimentos de Saúde (CNES)."
      },
      {
        "extension": [
          {
            "url": "http://hl7.org/fhir/tools/StructureDefinition/resource-information",
            "valueString": "ValueSet"
          }
        ],
        "reference": {
          "reference": "ValueSet/BRTipoEstabelecimentoSaude-1.0"
        },
        "name": "Tipo de Estabelecimento de Saúde",
        "description": "ValueSet utilizado para classificar o tipo de estabelecimento de saúde."
      },
      {
        "extension": [
          {
            "url": "http://hl7.org/fhir/tools/StructureDefinition/resource-information",
            "valueString": "CodeSystem"
          }
        ],
        "reference": {
          "reference": "CodeSystem/BRTipoIdentificador"
        },
        "name": "Tipo de Identificador",
        "description": "Classifica o tipo de indicador que está sendo utilizado."
      },
      {
        "extension": [
          {
            "url": "http://hl7.org/fhir/tools/StructureDefinition/resource-information",
            "valueString": "CodeSystem"
          }
        ],
        "reference": {
          "reference": "CodeSystem/BRTipoLogradouro"
        },
        "name": "Tipo de Logradouro",
        "description": "Classificação os tipos de logradouros existentes para uso em endereços estruturados."
      },
      {
        "extension": [
          {
            "url": "http://hl7.org/fhir/tools/StructureDefinition/resource-information",
            "valueString": "ValueSet"
          }
        ],
        "reference": {
          "reference": "ValueSet/BRTipoLogradouro-1.0"
        },
        "name": "Tipo de Logradouro",
        "description": "Classifica o tipo de logradouro."
      },
      {
        "extension": [
          {
            "url": "http://hl7.org/fhir/tools/StructureDefinition/resource-information",
            "valueString": "ValueSet"
          }
        ],
        "reference": {
          "reference": "ValueSet/BRUnidadeFederativa-1.0"
        },
        "name": "Unidade Federativa",
        "description": "Os estados e o Distrito Federal, entes subnacionais brasileiros."
      },
      {
        "extension": [
          {
            "url": "http://hl7.org/fhir/tools/StructureDefinition/resource-information",
            "valueString": "CodeSystem"
          }
        ],
        "reference": {
          "reference": "CodeSystem/BRViaAdministracao"
        },
        "name": "Via de Administração",
        "description": "Classifica a via na qual foi administrada uma substância em um indivíduo."
      },
      {
        "extension": [
          {
            "url": "http://hl7.org/fhir/tools/StructureDefinition/resource-information",
            "valueString": "ValueSet"
          }
        ],
        "reference": {
          "reference": "ValueSet/BRViaAdministracao-1.0"
        },
        "name": "Via de administração de um imunobiológico",
        "description": "Via de administração de um imunobiológico."
      }
    ],
    "page": {
      "nameUrl": "toc.html",
      "title": "Conteúdo",
      "generation": "html",
      "page": [
        {
          "nameUrl": "index.html",
          "title": "Home IGRNDS",
          "generation": "html"
        },
        {
          "nameUrl": "background.html",
          "title": "Background",
          "generation": "html"
        },
        {
          "nameUrl": "spec.html",
          "title": "Especificações",
          "generation": "markdown"
        },
        {
          "nameUrl": "downloads.html",
          "title": "Arquivos Úteis",
          "generation": "html"
        },
        {
          "nameUrl": "changes.html",
          "title": "Histórico de Mudanças",
          "generation": "html"
        }
      ]
    },
    "parameter": [
      {
        "code": "path-resource",
        "value": "input\\history"
      },
      {
        "code": "path-resource",
        "value": "input/capabilities"
      },
      {
        "code": "path-resource",
        "value": "input/examples"
      },
      {
        "code": "path-resource",
        "value": "input/extensions"
      },
      {
        "code": "path-resource",
        "value": "input/models"
      },
      {
        "code": "path-resource",
        "value": "input/operations"
      },
      {
        "code": "path-resource",
        "value": "input/profiles"
      },
      {
        "code": "path-resource",
        "value": "input/resources"
      },
      {
        "code": "path-resource",
        "value": "input/vocabulary"
      },
      {
        "code": "path-resource",
        "value": "input/testing"
      },
      {
        "code": "path-resource",
        "value": "input/history"
      },
      {
        "code": "path-resource",
        "value": "fsh-generated/resources"
      },
      {
        "code": "path-pages",
        "value": "template/config"
      },
      {
        "code": "path-pages",
        "value": "input/images"
      },
      {
        "code": "path-tx-cache",
        "value": "input-cache/txcache"
      }
    ]
  }
}