{
  "resourceType": "ValueSet",
  "id": "BRCondicaoMaternal-1.0",
  "meta": {
    "lastUpdated": "2021-08-19T16:16:00.000-03:00"
  },
  "language": "pt-BR",
  "text": {
    "status": "generated",
    "div": "<div xmlns=\"http://www.w3.org/1999/xhtml\" xml:lang=\"pt-BR\" lang=\"pt-BR\"><ul><li>Include all codes defined in <a href=\"CodeSystem-BRCondicaoMaternal.html\"><code>http://www.saude.gov.br/fhir/r4/CodeSystem/BRCondicaoMaternal</code></a></li></ul></div>"
  },
  "url": "http://www.saude.gov.br/fhir/r4/ValueSet/BRCondicaoMaternal-1.0",
  "version": "0.2.0",
  "name": "BRCondicaoMaternal",
  "title": "Condição Maternal",
  "status": "active",
  "experimental": false,
  "date": "2021-08-19T19:16:00+00:00",
  "publisher": "Ministério da Saúde",
  "contact": [
    {
      "telecom": [
        {
          "system": "url",
          "value": "https://www.gov.br/saude/pt-br"
        }
      ]
    }
  ],
  "description": "ValueSet utilizado para Indicar a condição maternal da pessoa vacinada.",
  "jurisdiction": [
    {
      "coding": [
        {
          "system": "http://unstats.un.org/unsd/methods/m49/m49.htm",
          "code": "001"
        }
      ]
    }
  ],
  "immutable": false,
  "compose": {
    "include": [
      {
        "system": "http://www.saude.gov.br/fhir/r4/CodeSystem/BRCondicaoMaternal",
        "version": "*"
      }
    ]
  }
}