{"resourceType":"CodeSystem","id":"BRTipoDocumento","meta":{"lastUpdated":"2020-03-26T10:19:48.112-03:00"},"language":"pt","text":{"status":"generated","div":"<div xmlns=\"http://www.w3.org/1999/xhtml\" xml:lang=\"pt\" lang=\"pt\"><p>This code system http://www.saude.gov.br/fhir/r4/CodeSystem/BRTipoDocumento defines the following codes:</p><table class=\"codes\"><tr><td style=\"white-space:nowrap\"><b>Code</b></td><td><b>Display</b></td><td><b>Definition</b></td></tr><tr><td style=\"white-space:nowrap\">CMD<a name=\"BRTipoDocumento-CMD\"> </a></td><td>Conjunto Mínimo de Dados</td><td>Documento público que coleta os dados mínimos dos atendimentos em saúde realizados em qualquer estabelecimento de saúde do país, público ou privado, em cada contato assistencial.</td></tr><tr><td style=\"white-space:nowrap\">SA<a name=\"BRTipoDocumento-SA\"> </a></td><td>Sumário de Alta</td><td>Relato clínico objetivo sobre as intervenções realizadas, as instruções para continuidade do cuidado pós-alta e o estado de saúde do indivíduo ao final de sua permanência na internação em estabelecimentos de saúde como: hospital, clínica, hospital-dia, internação domiciliar e urgência.</td></tr><tr><td style=\"white-space:nowrap\">RAC<a name=\"BRTipoDocumento-RAC\"> </a></td><td>Registro de Atendimento Clínico</td><td>Registro de dados essenciais de uma consulta realizada a um indivíduo no âmbito da atenção básica, especializada ou domiciliar (atendimento diário).</td></tr><tr><td style=\"white-space:nowrap\">RIA<a name=\"BRTipoDocumento-RIA\"> </a></td><td>Registro de Imunobiológico Administrado</td><td/></tr><tr><td style=\"white-space:nowrap\">RDM<a name=\"BRTipoDocumento-RDM\"> </a></td><td>Registro de Dispensação de Medicamento</td><td/></tr><tr><td style=\"white-space:nowrap\">REL<a name=\"BRTipoDocumento-REL\"> </a></td><td>Resultado de Exame(s) Laboratoriais(s)</td><td/></tr></table></div>"},"url":"http://www.saude.gov.br/fhir/r4/CodeSystem/BRTipoDocumento","version":"0.2.0","name":"BRTipoDocumento","title":"Tipo de Documento","status":"active","experimental":false,"date":"2020-03-26T13:19:46.9743559+00:00","publisher":"Ministério da Saúde","contact":[{"telecom":[{"system":"url","value":"https://www.gov.br/saude/pt-br"}]}],"description":"Classificação dos tipos de documentos compartilhados no Brasil.","jurisdiction":[{"coding":[{"system":"http://unstats.un.org/unsd/methods/m49/m49.htm","code":"001"}]}],"content":"complete","concept":[{"code":"CMD","display":"Conjunto Mínimo de Dados","definition":"Documento público que coleta os dados mínimos dos atendimentos em saúde realizados em qualquer estabelecimento de saúde do país, público ou privado, em cada contato assistencial."},{"code":"SA","display":"Sumário de Alta","definition":"Relato clínico objetivo sobre as intervenções realizadas, as instruções para continuidade do cuidado pós-alta e o estado de saúde do indivíduo ao final de sua permanência na internação em estabelecimentos de saúde como: hospital, clínica, hospital-dia, internação domiciliar e urgência."},{"code":"RAC","display":"Registro de Atendimento Clínico","definition":"Registro de dados essenciais de uma consulta realizada a um indivíduo no âmbito da atenção básica, especializada ou domiciliar (atendimento diário)."},{"code":"RIA","display":"Registro de Imunobiológico Administrado"},{"code":"RDM","display":"Registro de Dispensação de Medicamento"},{"code":"REL","display":"Resultado de Exame(s) Laboratoriais(s)"}]}