{"resourceType":"CodeSystem","id":"BRImunobiologico","meta":{"lastUpdated":"2021-08-20T11:39:24.326-03:00"},"language":"pt","text":{"status":"generated","div":"<div xmlns=\"http://www.w3.org/1999/xhtml\" xml:lang=\"pt\" lang=\"pt\"><p>This code system http://www.saude.gov.br/fhir/r4/CodeSystem/BRImunobiologico defines the following codes:</p><table class=\"codes\"><tr><td style=\"white-space:nowrap\"><b>Code</b></td><td><b>Display</b></td><td><b>Definition</b></td></tr><tr><td style=\"white-space:nowrap\">1<a name=\"BRImunobiologico-1\"> </a></td><td>IGHT</td><td>Imunoglobulina humana antitétano</td></tr><tr><td style=\"white-space:nowrap\">2<a name=\"BRImunobiologico-2\"> </a></td><td>SAT</td><td>Soro antitetânico</td></tr><tr><td style=\"white-space:nowrap\">3<a name=\"BRImunobiologico-3\"> </a></td><td>SARC</td><td>Soro antiaracnídico</td></tr><tr><td style=\"white-space:nowrap\">4<a name=\"BRImunobiologico-4\"> </a></td><td>SAESCOR</td><td>Soro antiescorpiônico</td></tr><tr><td style=\"white-space:nowrap\">5<a name=\"BRImunobiologico-5\"> </a></td><td>DT</td><td>Vacina difteria e tétano infantil</td></tr><tr><td style=\"white-space:nowrap\">6<a name=\"BRImunobiologico-6\"> </a></td><td>SAELAP</td><td>Soro antielapídico</td></tr><tr><td style=\"white-space:nowrap\">7<a name=\"BRImunobiologico-7\"> </a></td><td>SAR</td><td>Soro antirrábico</td></tr><tr><td style=\"white-space:nowrap\">8<a name=\"BRImunobiologico-8\"> </a></td><td>SABOTR</td><td>Soro antibotrópico (pentavalente)</td></tr><tr><td style=\"white-space:nowrap\">9<a name=\"BRImunobiologico-9\"> </a></td><td>HepB</td><td>Vacina hepatite B</td></tr><tr><td style=\"white-space:nowrap\">10<a name=\"BRImunobiologico-10\"> </a></td><td>SAD</td><td>Soro antidiftérico</td></tr><tr><td style=\"white-space:nowrap\">11<a name=\"BRImunobiologico-11\"> </a></td><td>SABOCR</td><td>Soro antibotrópico (pentavalente) e anticrotálico</td></tr><tr><td style=\"white-space:nowrap\">12<a name=\"BRImunobiologico-12\"> </a></td><td>SABOLA</td><td>Soro antibotrópico (pentavalente) e antilaquético</td></tr><tr><td style=\"white-space:nowrap\">13<a name=\"BRImunobiologico-13\"> </a></td><td>Meningo AC</td><td>Vacina meningocócica AC</td></tr><tr><td style=\"white-space:nowrap\">14<a name=\"BRImunobiologico-14\"> </a></td><td>VFA</td><td>Vacina febre amarela</td></tr><tr><td style=\"white-space:nowrap\">15<a name=\"BRImunobiologico-15\"> </a></td><td>BCG</td><td>Vacina BCG</td></tr><tr><td style=\"white-space:nowrap\">16<a name=\"BRImunobiologico-16\"> </a></td><td>SACROT</td><td>Soro anticrotálico</td></tr><tr><td style=\"white-space:nowrap\">17<a name=\"BRImunobiologico-17\"> </a></td><td>Hib</td><td>Vacina Hib</td></tr><tr><td style=\"white-space:nowrap\">18<a name=\"BRImunobiologico-18\"> </a></td><td>VR</td><td>Vacina raiva embrião de galinha</td></tr><tr><td style=\"white-space:nowrap\">19<a name=\"BRImunobiologico-19\"> </a></td><td>IGHV</td><td>Imunoglobulina humana antivaricela</td></tr><tr><td style=\"white-space:nowrap\">20<a name=\"BRImunobiologico-20\"> </a></td><td>IGHHB</td><td>Imunoglobulina humana anti-hepatite B</td></tr><tr><td style=\"white-space:nowrap\">21<a name=\"BRImunobiologico-21\"> </a></td><td>VPP23</td><td>Vacina pneumo 23</td></tr><tr><td style=\"white-space:nowrap\">22<a name=\"BRImunobiologico-22\"> </a></td><td>VIP</td><td>Vacina polio injetável</td></tr><tr><td style=\"white-space:nowrap\">23<a name=\"BRImunobiologico-23\"> </a></td><td>IGHR</td><td>Imunoglobulina humana antirrábica</td></tr><tr><td style=\"white-space:nowrap\">24<a name=\"BRImunobiologico-24\"> </a></td><td>SCR</td><td>Vacina sarampo, caxumba, rubéola</td></tr><tr><td style=\"white-space:nowrap\">25<a name=\"BRImunobiologico-25\"> </a></td><td>dT</td><td>Vacina difteria e tétano adulto</td></tr><tr><td style=\"white-space:nowrap\">26<a name=\"BRImunobiologico-26\"> </a></td><td>VPC10</td><td>Vacina pneumo 10</td></tr><tr><td style=\"white-space:nowrap\">27<a name=\"BRImunobiologico-27\"> </a></td><td>SLATRO</td><td>Soro latrodectus</td></tr><tr><td style=\"white-space:nowrap\">28<a name=\"BRImunobiologico-28\"> </a></td><td>VOP</td><td>Vacina polio oral</td></tr><tr><td style=\"white-space:nowrap\">29<a name=\"BRImunobiologico-29\"> </a></td><td>PENTA acelular</td><td>Vacina penta acelular (DTPa/VIP/Hib)</td></tr><tr><td style=\"white-space:nowrap\">30<a name=\"BRImunobiologico-30\"> </a></td><td>FTp</td><td>Vacina febre tifóide</td></tr><tr><td style=\"white-space:nowrap\">31<a name=\"BRImunobiologico-31\"> </a></td><td>SALOXO</td><td>Soro antiloxoscélico (trivalente)</td></tr><tr><td style=\"white-space:nowrap\">32<a name=\"BRImunobiologico-32\"> </a></td><td>SALONO</td><td>Soro antilonômico</td></tr><tr><td style=\"white-space:nowrap\">33<a name=\"BRImunobiologico-33\"> </a></td><td>INF3</td><td>Vacina influenza trivalente</td></tr><tr><td style=\"white-space:nowrap\">34<a name=\"BRImunobiologico-34\"> </a></td><td>VAR</td><td>Vacina varicela</td></tr><tr><td style=\"white-space:nowrap\">35<a name=\"BRImunobiologico-35\"> </a></td><td>HA</td><td>Vacina hepatite A</td></tr><tr><td style=\"white-space:nowrap\">36<a name=\"BRImunobiologico-36\"> </a></td><td>SR</td><td>Vacina sarampo, rubéola</td></tr><tr><td style=\"white-space:nowrap\">37<a name=\"BRImunobiologico-37\"> </a></td><td>Vero</td><td>Vacina raiva em cultivo celular vero</td></tr><tr><td style=\"white-space:nowrap\">38<a name=\"BRImunobiologico-38\"> </a></td><td>SBOTULTRI</td><td>Soro antibotulínico (trivalente)</td></tr><tr><td style=\"white-space:nowrap\">39<a name=\"BRImunobiologico-39\"> </a></td><td>Tetra</td><td>Vacina DTP/Hib</td></tr><tr><td style=\"white-space:nowrap\">40<a name=\"BRImunobiologico-40\"> </a></td><td>Pncc7V</td><td>Vacina pneumocócica 7V</td></tr><tr><td style=\"white-space:nowrap\">41<a name=\"BRImunobiologico-41\"> </a></td><td>MenC</td><td>Vacina meningo C</td></tr><tr><td style=\"white-space:nowrap\">42<a name=\"BRImunobiologico-42\"> </a></td><td>PENTA</td><td>Vacina penta (DTP/HepB/Hib)</td></tr><tr><td style=\"white-space:nowrap\">43<a name=\"BRImunobiologico-43\"> </a></td><td>HEXA</td><td>Vacina hexa (DTPa/HepB/VIP/Hib)</td></tr><tr><td style=\"white-space:nowrap\">44<a name=\"BRImunobiologico-44\"> </a></td><td>H1N1</td><td>Vacina Influenza H1N1</td></tr><tr><td style=\"white-space:nowrap\">45<a name=\"BRImunobiologico-45\"> </a></td><td>ROTA</td><td>Vacina rotavírus</td></tr><tr><td style=\"white-space:nowrap\">46<a name=\"BRImunobiologico-46\"> </a></td><td>DTP</td><td>Vacina DTP</td></tr><tr><td style=\"white-space:nowrap\">47<a name=\"BRImunobiologico-47\"> </a></td><td>DTPa</td><td>Vacina DTPa infantil</td></tr><tr><td style=\"white-space:nowrap\">48<a name=\"BRImunobiologico-48\"> </a></td><td>DILSRC</td><td>Diluente para vacina sarampo, caxumba, rubéola</td></tr><tr><td style=\"white-space:nowrap\">49<a name=\"BRImunobiologico-49\"> </a></td><td>DILVFA</td><td>Diluente para vacina febre amarela</td></tr><tr><td style=\"white-space:nowrap\">50<a name=\"BRImunobiologico-50\"> </a></td><td>DILHib</td><td>Diluente para vacina haemophilus influenzae B</td></tr><tr><td style=\"white-space:nowrap\">51<a name=\"BRImunobiologico-51\"> </a></td><td>Fta</td><td>Vacina febre tifóide (atenuada)</td></tr><tr><td style=\"white-space:nowrap\">52<a name=\"BRImunobiologico-52\"> </a></td><td>DilMengAC</td><td>Diluente meningo AC</td></tr><tr><td style=\"white-space:nowrap\">53<a name=\"BRImunobiologico-53\"> </a></td><td>DILSR</td><td>Diluente para vacina sarampo, rubéola</td></tr><tr><td style=\"white-space:nowrap\">54<a name=\"BRImunobiologico-54\"> </a></td><td>DILVAR</td><td>Diluente para vacina varicela</td></tr><tr><td style=\"white-space:nowrap\">55<a name=\"BRImunobiologico-55\"> </a></td><td>HepAinf</td><td>Vacina hepatite A infantil</td></tr><tr><td style=\"white-space:nowrap\">56<a name=\"BRImunobiologico-56\"> </a></td><td>SCRV</td><td>Vacina sarampo, caxumba, rubéola e varicela</td></tr><tr><td style=\"white-space:nowrap\">57<a name=\"BRImunobiologico-57\"> </a></td><td>dTpa</td><td>Vacina dTpa adulto</td></tr><tr><td style=\"white-space:nowrap\">58<a name=\"BRImunobiologico-58\"> </a></td><td>TETRA acelular</td><td>Vacina DTPa/VIP</td></tr><tr><td style=\"white-space:nowrap\">59<a name=\"BRImunobiologico-59\"> </a></td><td>VPC13</td><td>Vacina pneumo 13</td></tr><tr><td style=\"white-space:nowrap\">60<a name=\"BRImunobiologico-60\"> </a></td><td>HPV2</td><td>Vacina HPV bivalente</td></tr><tr><td style=\"white-space:nowrap\">61<a name=\"BRImunobiologico-61\"> </a></td><td>TT</td><td>Vacina toxóide tetânico</td></tr><tr><td style=\"white-space:nowrap\">62<a name=\"BRImunobiologico-62\"> </a></td><td>HAeHBped</td><td>Hepatite AeB (pediátrica)</td></tr><tr><td style=\"white-space:nowrap\">63<a name=\"BRImunobiologico-63\"> </a></td><td>HAeHB</td><td>Vacina hepatite AeB (uso adulto)</td></tr><tr><td style=\"white-space:nowrap\">64<a name=\"BRImunobiologico-64\"> </a></td><td>FLU ID</td><td>Vacina influenza ID</td></tr><tr><td style=\"white-space:nowrap\">65<a name=\"BRImunobiologico-65\"> </a></td><td>ROTA5</td><td>Vacina rotavírus pentavalente</td></tr><tr><td style=\"white-space:nowrap\">66<a name=\"BRImunobiologico-66\"> </a></td><td>MEN BC</td><td>Vacina meningocócica B/C</td></tr><tr><td style=\"white-space:nowrap\">67<a name=\"BRImunobiologico-67\"> </a></td><td>HPV4</td><td>Vacina HPV quadrivalente</td></tr><tr><td style=\"white-space:nowrap\">68<a name=\"BRImunobiologico-68\"> </a></td><td>HPV Bi</td><td>Vacina HPV bivalente</td></tr><tr><td style=\"white-space:nowrap\">69<a name=\"BRImunobiologico-69\"> </a></td><td>SABOT</td><td>Soro antibotulínico AB (bivalente)</td></tr><tr><td style=\"white-space:nowrap\">70<a name=\"BRImunobiologico-70\"> </a></td><td>Sarampo</td><td>Vacina sarampo</td></tr><tr><td style=\"white-space:nowrap\">71<a name=\"BRImunobiologico-71\"> </a></td><td>Rubeola</td><td>Vacina rubéola</td></tr><tr><td style=\"white-space:nowrap\">72<a name=\"BRImunobiologico-72\"> </a></td><td>Gripe Sazonal</td><td>Vacina gripe</td></tr><tr><td style=\"white-space:nowrap\">73<a name=\"BRImunobiologico-73\"> </a></td><td>Quadrupla Viral</td><td>Vacina quádrupla viral</td></tr><tr><td style=\"white-space:nowrap\">74<a name=\"BRImunobiologico-74\"> </a></td><td>MenACWY</td><td>Vacina meningo ACWY</td></tr><tr><td style=\"white-space:nowrap\">75<a name=\"BRImunobiologico-75\"> </a></td><td>COLERA</td><td>Vacina cólera</td></tr><tr><td style=\"white-space:nowrap\">76<a name=\"BRImunobiologico-76\"> </a></td><td>VHZ</td><td>Vacina herpes-zóster</td></tr><tr><td style=\"white-space:nowrap\">77<a name=\"BRImunobiologico-77\"> </a></td><td>INF4</td><td>Vacina influenza tetravalente</td></tr><tr><td style=\"white-space:nowrap\">78<a name=\"BRImunobiologico-78\"> </a></td><td>MenB</td><td>Vacina meningo B</td></tr><tr><td style=\"white-space:nowrap\">79<a name=\"BRImunobiologico-79\"> </a></td><td>DILBCG</td><td>Diluente para vacina BCG</td></tr><tr><td style=\"white-space:nowrap\">80<a name=\"BRImunobiologico-80\"> </a></td><td>DILVRvero</td><td>Diluente para vacina raiva cultivo celulas vero</td></tr><tr><td style=\"white-space:nowrap\">81<a name=\"BRImunobiologico-81\"> </a></td><td>DILMenC</td><td>Diluente para vacina meningo C</td></tr><tr><td style=\"white-space:nowrap\">82<a name=\"BRImunobiologico-82\"> </a></td><td>Dengue</td><td>Vacina dengue</td></tr><tr><td style=\"white-space:nowrap\">83<a name=\"BRImunobiologico-83\"> </a></td><td>HEPAad</td><td>Vacina hepatite A adulto</td></tr><tr><td style=\"white-space:nowrap\">84<a name=\"BRImunobiologico-84\"> </a></td><td>VFA-F</td><td>Vacina febre amarela fracionada</td></tr><tr><td style=\"white-space:nowrap\">85<a name=\"BRImunobiologico-85\"> </a></td><td>COVID-19 ASTRAZENECA/FIOCRUZ - COVISHIELD</td><td>Vacina Covid-19-recombinante, AstraZeneca/Fiocruz (Covishield)</td></tr><tr><td style=\"white-space:nowrap\">86<a name=\"BRImunobiologico-86\"> </a></td><td>COVID-19 SINOVAC/BUTANTAN - CORONAVAC</td><td>Vacina Covid-19-inativada, Sinovac/Butantan (Coronavac)</td></tr><tr><td style=\"white-space:nowrap\">87<a name=\"BRImunobiologico-87\"> </a></td><td>COVID-19 PFIZER - COMIRNATY</td><td>Vacina Covid-19-RNAm, Pfizer (Comirnaty)</td></tr><tr><td style=\"white-space:nowrap\">88<a name=\"BRImunobiologico-88\"> </a></td><td>COVID-19 JANSSEN - Ad26.COV2.S</td><td>Vacina Covid-19-recombinante, Janssen (Ad26.COV2.S)</td></tr><tr><td style=\"white-space:nowrap\">89<a name=\"BRImunobiologico-89\"> </a></td><td>COVID-19 ASTRAZENECA - ChAdOx1-S</td><td>Vacina Covid-19-recombinante, AstraZeneca/Covax (Shadox1-S)</td></tr><tr><td style=\"white-space:nowrap\">90<a name=\"BRImunobiologico-90\"> </a></td><td>DILSCRV</td><td>Diluente para vacina sarampo, caxumba, rubéola e varicela</td></tr><tr><td style=\"white-space:nowrap\">91<a name=\"BRImunobiologico-91\"> </a></td><td>DILVR</td><td>Diluente para vacina raiva cultivo embrião de galinha</td></tr><tr><td style=\"white-space:nowrap\">92<a name=\"BRImunobiologico-92\"> </a></td><td>VRvero</td><td>Vacina raiva cultivo celulas vero</td></tr><tr><td style=\"white-space:nowrap\">93<a name=\"BRImunobiologico-93\"> </a></td><td>HPV9</td><td>Vacina HPV nonavalente</td></tr><tr><td style=\"white-space:nowrap\">94<a name=\"BRImunobiologico-94\"> </a></td><td>DILCOV</td><td>Diluente Covid-19</td></tr><tr><td style=\"white-space:nowrap\">95<a name=\"BRImunobiologico-95\"> </a></td><td>COVID-19 GAMALEYA - SPUTNIK V</td><td>Vacina Covid-19-recombinante, Gamaleya (Sputnik V)</td></tr><tr><td style=\"white-space:nowrap\">96<a name=\"BRImunobiologico-96\"> </a></td><td>COVID-19 BHARAT - COVAXIN</td><td>Vacina Covid-19-inativada, Bharat (Covaxin)</td></tr><tr><td style=\"white-space:nowrap\">97<a name=\"BRImunobiologico-97\"> </a></td><td>COVID-19 MODERNA</td><td>Vacina Covid-19-RNAm, Moderna</td></tr></table></div>"},"url":"http://www.saude.gov.br/fhir/r4/CodeSystem/BRImunobiologico","version":"0.2.0","name":"BRImunobiologico","title":"Imunobiológico","status":"active","experimental":false,"date":"2020-01-06T18:40:15.6103207+00:00","publisher":"Ministério da Saúde","contact":[{"telecom":[{"system":"url","value":"https://www.gov.br/saude/pt-br"}]}],"description":"Classifica os tipos de imunobiológicos.","jurisdiction":[{"coding":[{"system":"http://unstats.un.org/unsd/methods/m49/m49.htm","code":"001"}]}],"content":"complete","concept":[{"code":"1","display":"IGHT","definition":"Imunoglobulina humana antitétano"},{"code":"2","display":"SAT","definition":"Soro antitetânico"},{"code":"3","display":"SARC","definition":"Soro antiaracnídico"},{"code":"4","display":"SAESCOR","definition":"Soro antiescorpiônico"},{"code":"5","display":"DT","definition":"Vacina difteria e tétano infantil"},{"code":"6","display":"SAELAP","definition":"Soro antielapídico"},{"code":"7","display":"SAR","definition":"Soro antirrábico"},{"code":"8","display":"SABOTR","definition":"Soro antibotrópico (pentavalente)"},{"code":"9","display":"HepB","definition":"Vacina hepatite B"},{"code":"10","display":"SAD","definition":"Soro antidiftérico"},{"code":"11","display":"SABOCR","definition":"Soro antibotrópico (pentavalente) e anticrotálico"},{"code":"12","display":"SABOLA","definition":"Soro antibotrópico (pentavalente) e antilaquético"},{"code":"13","display":"Meningo AC","definition":"Vacina meningocócica AC"},{"code":"14","display":"VFA","definition":"Vacina febre amarela"},{"code":"15","display":"BCG","definition":"Vacina BCG"},{"code":"16","display":"SACROT","definition":"Soro anticrotálico"},{"code":"17","display":"Hib","definition":"Vacina Hib"},{"code":"18","display":"VR","definition":"Vacina raiva embrião de galinha"},{"code":"19","display":"IGHV","definition":"Imunoglobulina humana antivaricela"},{"code":"20","display":"IGHHB","definition":"Imunoglobulina humana anti-hepatite B"},{"code":"21","display":"VPP23","definition":"Vacina pneumo 23"},{"code":"22","display":"VIP","definition":"Vacina polio injetável"},{"code":"23","display":"IGHR","definition":"Imunoglobulina humana antirrábica"},{"code":"24","display":"SCR","definition":"Vacina sarampo, caxumba, rubéola"},{"code":"25","display":"dT","definition":"Vacina difteria e tétano adulto"},{"code":"26","display":"VPC10","definition":"Vacina pneumo 10"},{"code":"27","display":"SLATRO","definition":"Soro latrodectus"},{"code":"28","display":"VOP","definition":"Vacina polio oral"},{"code":"29","display":"PENTA acelular","definition":"Vacina penta acelular (DTPa/VIP/Hib)"},{"code":"30","display":"FTp","definition":"Vacina febre tifóide"},{"code":"31","display":"SALOXO","definition":"Soro antiloxoscélico (trivalente)"},{"code":"32","display":"SALONO","definition":"Soro antilonômico"},{"code":"33","display":"INF3","definition":"Vacina influenza trivalente"},{"code":"34","display":"VAR","definition":"Vacina varicela"},{"code":"35","display":"HA","definition":"Vacina hepatite A"},{"code":"36","display":"SR","definition":"Vacina sarampo, rubéola"},{"code":"37","display":"Vero","definition":"Vacina raiva em cultivo celular vero"},{"code":"38","display":"SBOTULTRI","definition":"Soro antibotulínico (trivalente)"},{"code":"39","display":"Tetra","definition":"Vacina DTP/Hib"},{"code":"40","display":"Pncc7V","definition":"Vacina pneumocócica 7V"},{"code":"41","display":"MenC","definition":"Vacina meningo C"},{"code":"42","display":"PENTA","definition":"Vacina penta (DTP/HepB/Hib)"},{"code":"43","display":"HEXA","definition":"Vacina hexa (DTPa/HepB/VIP/Hib)"},{"code":"44","display":"H1N1","definition":"Vacina Influenza H1N1"},{"code":"45","display":"ROTA","definition":"Vacina rotavírus"},{"code":"46","display":"DTP","definition":"Vacina DTP"},{"code":"47","display":"DTPa","definition":"Vacina DTPa infantil"},{"code":"48","display":"DILSRC","definition":"Diluente para vacina sarampo, caxumba, rubéola"},{"code":"49","display":"DILVFA","definition":"Diluente para vacina febre amarela"},{"code":"50","display":"DILHib","definition":"Diluente para vacina haemophilus influenzae B"},{"code":"51","display":"Fta","definition":"Vacina febre tifóide (atenuada)"},{"code":"52","display":"DilMengAC","definition":"Diluente meningo AC"},{"code":"53","display":"DILSR","definition":"Diluente para vacina sarampo, rubéola"},{"code":"54","display":"DILVAR","definition":"Diluente para vacina varicela"},{"code":"55","display":"HepAinf","definition":"Vacina hepatite A infantil"},{"code":"56","display":"SCRV","definition":"Vacina sarampo, caxumba, rubéola e varicela"},{"code":"57","display":"dTpa","definition":"Vacina dTpa adulto"},{"code":"58","display":"TETRA acelular","definition":"Vacina DTPa/VIP"},{"code":"59","display":"VPC13","definition":"Vacina pneumo 13"},{"code":"60","display":"HPV2","definition":"Vacina HPV bivalente"},{"code":"61","display":"TT","definition":"Vacina toxóide tetânico"},{"code":"62","display":"HAeHBped","definition":"Hepatite AeB (pediátrica)"},{"code":"63","display":"HAeHB","definition":"Vacina hepatite AeB (uso adulto)"},{"code":"64","display":"FLU ID","definition":"Vacina influenza ID"},{"code":"65","display":"ROTA5","definition":"Vacina rotavírus pentavalente"},{"code":"66","display":"MEN BC","definition":"Vacina meningocócica B/C"},{"code":"67","display":"HPV4","definition":"Vacina HPV quadrivalente"},{"code":"68","display":"HPV Bi","definition":"Vacina HPV bivalente"},{"code":"69","display":"SABOT","definition":"Soro antibotulínico AB (bivalente)"},{"code":"70","display":"Sarampo","definition":"Vacina sarampo"},{"code":"71","display":"Rubeola","definition":"Vacina rubéola"},{"code":"72","display":"Gripe Sazonal","definition":"Vacina gripe"},{"code":"73","display":"Quadrupla Viral","definition":"Vacina quádrupla viral"},{"code":"74","display":"MenACWY","definition":"Vacina meningo ACWY"},{"code":"75","display":"COLERA","definition":"Vacina cólera"},{"code":"76","display":"VHZ","definition":"Vacina herpes-zóster"},{"code":"77","display":"INF4","definition":"Vacina influenza tetravalente"},{"code":"78","display":"MenB","definition":"Vacina meningo B"},{"code":"79","display":"DILBCG","definition":"Diluente para vacina BCG"},{"code":"80","display":"DILVRvero","definition":"Diluente para vacina raiva cultivo celulas vero"},{"code":"81","display":"DILMenC","definition":"Diluente para vacina meningo C"},{"code":"82","display":"Dengue","definition":"Vacina dengue"},{"code":"83","display":"HEPAad","definition":"Vacina hepatite A adulto"},{"code":"84","display":"VFA-F","definition":"Vacina febre amarela fracionada"},{"code":"85","display":"COVID-19 ASTRAZENECA/FIOCRUZ - COVISHIELD","definition":"Vacina Covid-19-recombinante, AstraZeneca/Fiocruz (Covishield)"},{"code":"86","display":"COVID-19 SINOVAC/BUTANTAN - CORONAVAC","definition":"Vacina Covid-19-inativada, Sinovac/Butantan (Coronavac)"},{"code":"87","display":"COVID-19 PFIZER - COMIRNATY","definition":"Vacina Covid-19-RNAm, Pfizer (Comirnaty)"},{"code":"88","display":"COVID-19 JANSSEN - Ad26.COV2.S","definition":"Vacina Covid-19-recombinante, Janssen (Ad26.COV2.S)"},{"code":"89","display":"COVID-19 ASTRAZENECA - ChAdOx1-S","definition":"Vacina Covid-19-recombinante, AstraZeneca/Covax (Shadox1-S)"},{"code":"90","display":"DILSCRV","definition":"Diluente para vacina sarampo, caxumba, rubéola e varicela"},{"code":"91","display":"DILVR","definition":"Diluente para vacina raiva cultivo embrião de galinha"},{"code":"92","display":"VRvero","definition":"Vacina raiva cultivo celulas vero"},{"code":"93","display":"HPV9","definition":"Vacina HPV nonavalente"},{"code":"94","display":"DILCOV","definition":"Diluente Covid-19"},{"code":"95","display":"COVID-19 GAMALEYA - SPUTNIK V","definition":"Vacina Covid-19-recombinante, Gamaleya (Sputnik V)","property":[{"code":"inativo","valueBoolean":true}]},{"code":"96","display":"COVID-19 BHARAT - COVAXIN","definition":"Vacina Covid-19-inativada, Bharat (Covaxin)","property":[{"code":"inativo","valueBoolean":true}]},{"code":"97","display":"COVID-19 MODERNA","definition":"Vacina Covid-19-RNAm, Moderna","property":[{"code":"inativo","valueBoolean":true}]}]}