{"resourceType":"CodeSystem","id":"BRGrupoAtendimento","language":"pt-BR","text":{"status":"generated","div":"<div xmlns=\"http://www.w3.org/1999/xhtml\" xml:lang=\"pt-BR\" lang=\"pt-BR\"><p>This code system http://www.saude.gov.br/fhir/r4/CodeSystem/BRGrupoAtendimento defines the following codes:</p><table class=\"codes\"><tr><td style=\"white-space:nowrap\"><b>Code</b></td><td><b>Display</b></td></tr><tr><td style=\"white-space:nowrap\">00<a name=\"BRGrupoAtendimento-00\"> </a></td><td>Sem registro no modelo de informação de origem</td></tr><tr><td style=\"white-space:nowrap\">000101<a name=\"BRGrupoAtendimento-000101\"> </a></td><td>Hemoglobinopatia grave</td></tr><tr><td style=\"white-space:nowrap\">000102<a name=\"BRGrupoAtendimento-000102\"> </a></td><td>Neoplasias</td></tr><tr><td style=\"white-space:nowrap\">000103<a name=\"BRGrupoAtendimento-000103\"> </a></td><td>Diabetes Mellitus</td></tr><tr><td style=\"white-space:nowrap\">000104<a name=\"BRGrupoAtendimento-000104\"> </a></td><td>Pneumopatias Crônicas Graves</td></tr><tr><td style=\"white-space:nowrap\">000105<a name=\"BRGrupoAtendimento-000105\"> </a></td><td>Doença Renal Crônica</td></tr><tr><td style=\"white-space:nowrap\">000106<a name=\"BRGrupoAtendimento-000106\"> </a></td><td>Doenças Cardiovasculares e Cerebrovasculares</td></tr><tr><td style=\"white-space:nowrap\">000107<a name=\"BRGrupoAtendimento-000107\"> </a></td><td>Hipertensão de difícil controle ou com complicações/lesão de órgão alvo</td></tr><tr><td style=\"white-space:nowrap\">000108<a name=\"BRGrupoAtendimento-000108\"> </a></td><td>Indivíduos Transplantados de Órgão Sólido</td></tr><tr><td style=\"white-space:nowrap\">000109<a name=\"BRGrupoAtendimento-000109\"> </a></td><td>Obesidade Grave (Imc≥40)</td></tr><tr><td style=\"white-space:nowrap\">000110<a name=\"BRGrupoAtendimento-000110\"> </a></td><td>Síndrome de Down</td></tr><tr><td style=\"white-space:nowrap\">000111<a name=\"BRGrupoAtendimento-000111\"> </a></td><td>Outros Imunocomprometidos</td></tr><tr><td style=\"white-space:nowrap\">000112<a name=\"BRGrupoAtendimento-000112\"> </a></td><td>Indivíduos Transplantados de Medula Óssea</td></tr><tr><td style=\"white-space:nowrap\">000114<a name=\"BRGrupoAtendimento-000114\"> </a></td><td>Cirrose hepática</td></tr><tr><td style=\"white-space:nowrap\">000115<a name=\"BRGrupoAtendimento-000115\"> </a></td><td>Doença neurológica crônica</td></tr><tr><td style=\"white-space:nowrap\">000116<a name=\"BRGrupoAtendimento-000116\"> </a></td><td>Doença cardiovascular</td></tr><tr><td style=\"white-space:nowrap\">000201<a name=\"BRGrupoAtendimento-000201\"> </a></td><td>Pessoas de 18 a 64 anos</td></tr><tr><td style=\"white-space:nowrap\">000202<a name=\"BRGrupoAtendimento-000202\"> </a></td><td>Pessoas de 65 a 69 anos</td></tr><tr><td style=\"white-space:nowrap\">000203<a name=\"BRGrupoAtendimento-000203\"> </a></td><td>Pessoas de 70 a 74 anos</td></tr><tr><td style=\"white-space:nowrap\">000204<a name=\"BRGrupoAtendimento-000204\"> </a></td><td>Pessoas de 75 a 79 anos</td></tr><tr><td style=\"white-space:nowrap\">000205<a name=\"BRGrupoAtendimento-000205\"> </a></td><td>Pessoas de 80 anos ou mais</td></tr><tr><td style=\"white-space:nowrap\">000206<a name=\"BRGrupoAtendimento-000206\"> </a></td><td>Pessoas de 12 a 17 anos</td></tr><tr><td style=\"white-space:nowrap\">000301<a name=\"BRGrupoAtendimento-000301\"> </a></td><td>Pessoas de 60 nos ou mais Institucionalizadas</td></tr><tr><td style=\"white-space:nowrap\">000401<a name=\"BRGrupoAtendimento-000401\"> </a></td><td>Marinha do Brasil - MB</td></tr><tr><td style=\"white-space:nowrap\">000402<a name=\"BRGrupoAtendimento-000402\"> </a></td><td>Exército Brasileiro - EB</td></tr><tr><td style=\"white-space:nowrap\">000403<a name=\"BRGrupoAtendimento-000403\"> </a></td><td>Força Aérea Brasileira - FAB</td></tr><tr><td style=\"white-space:nowrap\">000501<a name=\"BRGrupoAtendimento-000501\"> </a></td><td>Bombeiro Civil</td></tr><tr><td style=\"white-space:nowrap\">000502<a name=\"BRGrupoAtendimento-000502\"> </a></td><td>Bombeiro Militar</td></tr><tr><td style=\"white-space:nowrap\">000503<a name=\"BRGrupoAtendimento-000503\"> </a></td><td>Guarda Municipal</td></tr><tr><td style=\"white-space:nowrap\">000504<a name=\"BRGrupoAtendimento-000504\"> </a></td><td>Policial Rodoviário Federal</td></tr><tr><td style=\"white-space:nowrap\">000505<a name=\"BRGrupoAtendimento-000505\"> </a></td><td>Policial Civil</td></tr><tr><td style=\"white-space:nowrap\">000506<a name=\"BRGrupoAtendimento-000506\"> </a></td><td>Policial Federal</td></tr><tr><td style=\"white-space:nowrap\">000507<a name=\"BRGrupoAtendimento-000507\"> </a></td><td>Policial Militar</td></tr><tr><td style=\"white-space:nowrap\">000601<a name=\"BRGrupoAtendimento-000601\"> </a></td><td>Quilombola</td></tr><tr><td style=\"white-space:nowrap\">000602<a name=\"BRGrupoAtendimento-000602\"> </a></td><td>Ribeirinha</td></tr><tr><td style=\"white-space:nowrap\">000701<a name=\"BRGrupoAtendimento-000701\"> </a></td><td>Povos indígenas em terras indígenas</td></tr><tr><td style=\"white-space:nowrap\">000801<a name=\"BRGrupoAtendimento-000801\"> </a></td><td>Ensino Básico</td></tr><tr><td style=\"white-space:nowrap\">000802<a name=\"BRGrupoAtendimento-000802\"> </a></td><td>Ensino Superior</td></tr><tr><td style=\"white-space:nowrap\">000901<a name=\"BRGrupoAtendimento-000901\"> </a></td><td>Auxiliar de Veterinário</td></tr><tr><td style=\"white-space:nowrap\">000902<a name=\"BRGrupoAtendimento-000902\"> </a></td><td>Biólogo</td></tr><tr><td style=\"white-space:nowrap\">000903<a name=\"BRGrupoAtendimento-000903\"> </a></td><td>Biomédico</td></tr><tr><td style=\"white-space:nowrap\">000904<a name=\"BRGrupoAtendimento-000904\"> </a></td><td>Cozinheiro e Auxiliares</td></tr><tr><td style=\"white-space:nowrap\">000905<a name=\"BRGrupoAtendimento-000905\"> </a></td><td>Cuidador de Idosos</td></tr><tr><td style=\"white-space:nowrap\">000906<a name=\"BRGrupoAtendimento-000906\"> </a></td><td>Doula/Parteira</td></tr><tr><td style=\"white-space:nowrap\">000907<a name=\"BRGrupoAtendimento-000907\"> </a></td><td>Enfermeiro(a)</td></tr><tr><td style=\"white-space:nowrap\">000908<a name=\"BRGrupoAtendimento-000908\"> </a></td><td>Farmacêutico</td></tr><tr><td style=\"white-space:nowrap\">000909<a name=\"BRGrupoAtendimento-000909\"> </a></td><td>Fisioterapeutas</td></tr><tr><td style=\"white-space:nowrap\">000910<a name=\"BRGrupoAtendimento-000910\"> </a></td><td>Fonoaudiólogo</td></tr><tr><td style=\"white-space:nowrap\">000911<a name=\"BRGrupoAtendimento-000911\"> </a></td><td>Funcionário do Sistema Funerário que tenham contato com cadáveres potencialmente contaminados</td></tr><tr><td style=\"white-space:nowrap\">000912<a name=\"BRGrupoAtendimento-000912\"> </a></td><td>Médico</td></tr><tr><td style=\"white-space:nowrap\">000913<a name=\"BRGrupoAtendimento-000913\"> </a></td><td>Médico Veterinário</td></tr><tr><td style=\"white-space:nowrap\">000914<a name=\"BRGrupoAtendimento-000914\"> </a></td><td>Motorista de Ambulância</td></tr><tr><td style=\"white-space:nowrap\">000915<a name=\"BRGrupoAtendimento-000915\"> </a></td><td>Nutricionista</td></tr><tr><td style=\"white-space:nowrap\">000916<a name=\"BRGrupoAtendimento-000916\"> </a></td><td>Odontologista</td></tr><tr><td style=\"white-space:nowrap\">000917<a name=\"BRGrupoAtendimento-000917\"> </a></td><td>Profissionais e Auxiliares de limpeza</td></tr><tr><td style=\"white-space:nowrap\">000918<a name=\"BRGrupoAtendimento-000918\"> </a></td><td>Profissionais de Educação Física</td></tr><tr><td style=\"white-space:nowrap\">000919<a name=\"BRGrupoAtendimento-000919\"> </a></td><td>Psicólogo</td></tr><tr><td style=\"white-space:nowrap\">000920<a name=\"BRGrupoAtendimento-000920\"> </a></td><td>Recepcionista</td></tr><tr><td style=\"white-space:nowrap\">000921<a name=\"BRGrupoAtendimento-000921\"> </a></td><td>Segurança</td></tr><tr><td style=\"white-space:nowrap\">000922<a name=\"BRGrupoAtendimento-000922\"> </a></td><td>Assistente Social</td></tr><tr><td style=\"white-space:nowrap\">000923<a name=\"BRGrupoAtendimento-000923\"> </a></td><td>Técnico de Enfermagem</td></tr><tr><td style=\"white-space:nowrap\">000924<a name=\"BRGrupoAtendimento-000924\"> </a></td><td>Técnico de Veterinário</td></tr><tr><td style=\"white-space:nowrap\">000925<a name=\"BRGrupoAtendimento-000925\"> </a></td><td>Terapeuta Ocupacional</td></tr><tr><td style=\"white-space:nowrap\">000926<a name=\"BRGrupoAtendimento-000926\"> </a></td><td>Outros</td></tr><tr><td style=\"white-space:nowrap\">000927<a name=\"BRGrupoAtendimento-000927\"> </a></td><td>Auxiliar de Enfermagem</td></tr><tr><td style=\"white-space:nowrap\">000928<a name=\"BRGrupoAtendimento-000928\"> </a></td><td>Técnico de Odontologia</td></tr><tr><td style=\"white-space:nowrap\">000929<a name=\"BRGrupoAtendimento-000929\"> </a></td><td>Acadêmicos/estudantes em estágio em estabelecimentos de saúde</td></tr><tr><td style=\"white-space:nowrap\">000930<a name=\"BRGrupoAtendimento-000930\"> </a></td><td>Agente de Combate a Endemias - ACE</td></tr><tr><td style=\"white-space:nowrap\">000931<a name=\"BRGrupoAtendimento-000931\"> </a></td><td>Agente Comunitário de Saúde - ACS</td></tr><tr><td style=\"white-space:nowrap\">000932<a name=\"BRGrupoAtendimento-000932\"> </a></td><td>Auxiliar em Saúde Bucal - ASB</td></tr><tr><td style=\"white-space:nowrap\">000933<a name=\"BRGrupoAtendimento-000933\"> </a></td><td>Técnico em Saúde Bucal - TSB</td></tr><tr><td style=\"white-space:nowrap\">001001<a name=\"BRGrupoAtendimento-001001\"> </a></td><td>Aéreo</td></tr><tr><td style=\"white-space:nowrap\">001002<a name=\"BRGrupoAtendimento-001002\"> </a></td><td>Caminhoneiro</td></tr><tr><td style=\"white-space:nowrap\">001003<a name=\"BRGrupoAtendimento-001003\"> </a></td><td>Coletivo Rodoviário Passageiros Urbano e de Longo Curso</td></tr><tr><td style=\"white-space:nowrap\">001004<a name=\"BRGrupoAtendimento-001004\"> </a></td><td>Ferroviário</td></tr><tr><td style=\"white-space:nowrap\">001005<a name=\"BRGrupoAtendimento-001005\"> </a></td><td>Metroviário</td></tr><tr><td style=\"white-space:nowrap\">001006<a name=\"BRGrupoAtendimento-001006\"> </a></td><td>Aquaviário</td></tr><tr><td style=\"white-space:nowrap\">001101<a name=\"BRGrupoAtendimento-001101\"> </a></td><td>Pessoas com Deficiência Institucionalizadas</td></tr><tr><td style=\"white-space:nowrap\">001102<a name=\"BRGrupoAtendimento-001102\"> </a></td><td>Pessoas com Deficiência Permanente</td></tr><tr><td style=\"white-space:nowrap\">001201<a name=\"BRGrupoAtendimento-001201\"> </a></td><td>Pessoas em Situação de Rua</td></tr><tr><td style=\"white-space:nowrap\">001301<a name=\"BRGrupoAtendimento-001301\"> </a></td><td>Trabalhadores Portuários</td></tr><tr><td style=\"white-space:nowrap\">001401<a name=\"BRGrupoAtendimento-001401\"> </a></td><td>Funcionário do Sistema de Privação de Liberdade</td></tr><tr><td style=\"white-space:nowrap\">001501<a name=\"BRGrupoAtendimento-001501\"> </a></td><td>População Privada de Liberdade</td></tr><tr><td style=\"white-space:nowrap\">001601<a name=\"BRGrupoAtendimento-001601\"> </a></td><td>Trabalhadores Industriais</td></tr><tr><td style=\"white-space:nowrap\">001701<a name=\"BRGrupoAtendimento-001701\"> </a></td><td>Trabalhadores de limpeza urbana e manejo de resíduos sólidos</td></tr><tr><td style=\"white-space:nowrap\">001801<a name=\"BRGrupoAtendimento-001801\"> </a></td><td>Gestante</td></tr><tr><td style=\"white-space:nowrap\">001901<a name=\"BRGrupoAtendimento-001901\"> </a></td><td>Puérpera</td></tr><tr><td style=\"white-space:nowrap\">999999<a name=\"BRGrupoAtendimento-999999\"> </a></td><td>Outros Grupos</td></tr></table></div>"},"url":"http://www.saude.gov.br/fhir/r4/CodeSystem/BRGrupoAtendimento","version":"0.2.0","name":"BRGrupoAtendimento","title":"Grupo de Atendimento","status":"active","experimental":false,"date":"2021-08-20T14:59:27.326+00:00","publisher":"Ministério da Saúde","contact":[{"telecom":[{"system":"url","value":"https://www.gov.br/saude/pt-br"}]}],"description":"Domínio que identifica o tipo de grupo de atendimento que o indivíduo apresentou para a vacinação em campanha.","jurisdiction":[{"coding":[{"system":"http://unstats.un.org/unsd/methods/m49/m49.htm","code":"001"}]}],"content":"complete","concept":[{"code":"00","display":"Sem registro no modelo de informação de origem"},{"code":"000101","display":"Hemoglobinopatia grave"},{"code":"000102","display":"Neoplasias"},{"code":"000103","display":"Diabetes Mellitus"},{"code":"000104","display":"Pneumopatias Crônicas Graves"},{"code":"000105","display":"Doença Renal Crônica"},{"code":"000106","display":"Doenças Cardiovasculares e Cerebrovasculares","property":[{"code":"inativo","valueBoolean":true}]},{"code":"000107","display":"Hipertensão de difícil controle ou com complicações/lesão de órgão alvo"},{"code":"000108","display":"Indivíduos Transplantados de Órgão Sólido"},{"code":"000109","display":"Obesidade Grave (Imc≥40)"},{"code":"000110","display":"Síndrome de Down"},{"code":"000111","display":"Outros Imunocomprometidos"},{"code":"000112","display":"Indivíduos Transplantados de Medula Óssea"},{"code":"000114","display":"Cirrose hepática"},{"code":"000115","display":"Doença neurológica crônica"},{"code":"000116","display":"Doença cardiovascular"},{"code":"000201","display":"Pessoas de 18 a 64 anos"},{"code":"000202","display":"Pessoas de 65 a 69 anos"},{"code":"000203","display":"Pessoas de 70 a 74 anos"},{"code":"000204","display":"Pessoas de 75 a 79 anos"},{"code":"000205","display":"Pessoas de 80 anos ou mais"},{"code":"000206","display":"Pessoas de 12 a 17 anos"},{"code":"000301","display":"Pessoas de 60 nos ou mais Institucionalizadas"},{"code":"000401","display":"Marinha do Brasil - MB"},{"code":"000402","display":"Exército Brasileiro - EB"},{"code":"000403","display":"Força Aérea Brasileira - FAB"},{"code":"000501","display":"Bombeiro Civil"},{"code":"000502","display":"Bombeiro Militar"},{"code":"000503","display":"Guarda Municipal"},{"code":"000504","display":"Policial Rodoviário Federal"},{"code":"000505","display":"Policial Civil"},{"code":"000506","display":"Policial Federal"},{"code":"000507","display":"Policial Militar"},{"code":"000601","display":"Quilombola"},{"code":"000602","display":"Ribeirinha"},{"code":"000701","display":"Povos indígenas em terras indígenas"},{"code":"000801","display":"Ensino Básico"},{"code":"000802","display":"Ensino Superior"},{"code":"000901","display":"Auxiliar de Veterinário"},{"code":"000902","display":"Biólogo"},{"code":"000903","display":"Biomédico"},{"code":"000904","display":"Cozinheiro e Auxiliares"},{"code":"000905","display":"Cuidador de Idosos"},{"code":"000906","display":"Doula/Parteira"},{"code":"000907","display":"Enfermeiro(a)"},{"code":"000908","display":"Farmacêutico"},{"code":"000909","display":"Fisioterapeutas"},{"code":"000910","display":"Fonoaudiólogo"},{"code":"000911","display":"Funcionário do Sistema Funerário que tenham contato com cadáveres potencialmente contaminados"},{"code":"000912","display":"Médico"},{"code":"000913","display":"Médico Veterinário"},{"code":"000914","display":"Motorista de Ambulância"},{"code":"000915","display":"Nutricionista"},{"code":"000916","display":"Odontologista"},{"code":"000917","display":"Profissionais e Auxiliares de limpeza"},{"code":"000918","display":"Profissionais de Educação Física"},{"code":"000919","display":"Psicólogo"},{"code":"000920","display":"Recepcionista"},{"code":"000921","display":"Segurança"},{"code":"000922","display":"Assistente Social"},{"code":"000923","display":"Técnico de Enfermagem"},{"code":"000924","display":"Técnico de Veterinário"},{"code":"000925","display":"Terapeuta Ocupacional"},{"code":"000926","display":"Outros"},{"code":"000927","display":"Auxiliar de Enfermagem"},{"code":"000928","display":"Técnico de Odontologia"},{"code":"000929","display":"Acadêmicos/estudantes em estágio em estabelecimentos de saúde"},{"code":"000930","display":"Agente de Combate a Endemias - ACE"},{"code":"000931","display":"Agente Comunitário de Saúde - ACS"},{"code":"000932","display":"Auxiliar em Saúde Bucal - ASB"},{"code":"000933","display":"Técnico em Saúde Bucal - TSB"},{"code":"001001","display":"Aéreo"},{"code":"001002","display":"Caminhoneiro"},{"code":"001003","display":"Coletivo Rodoviário Passageiros Urbano e de Longo Curso"},{"code":"001004","display":"Ferroviário"},{"code":"001005","display":"Metroviário"},{"code":"001006","display":"Aquaviário"},{"code":"001101","display":"Pessoas com Deficiência Institucionalizadas"},{"code":"001102","display":"Pessoas com Deficiência Permanente"},{"code":"001201","display":"Pessoas em Situação de Rua"},{"code":"001301","display":"Trabalhadores Portuários"},{"code":"001401","display":"Funcionário do Sistema de Privação de Liberdade"},{"code":"001501","display":"População Privada de Liberdade"},{"code":"001601","display":"Trabalhadores Industriais"},{"code":"001701","display":"Trabalhadores de limpeza urbana e manejo de resíduos sólidos"},{"code":"001801","display":"Gestante"},{"code":"001901","display":"Puérpera"},{"code":"999999","display":"Outros Grupos","property":[{"code":"inativo","valueBoolean":true}]}]}