{"resourceType":"CodeSystem","id":"BRTipoLogradouro","meta":{"lastUpdated":"2020-04-02T10:03:21.687-03:00"},"language":"pt-BR","text":{"status":"generated","div":"<div xmlns=\"http://www.w3.org/1999/xhtml\" xml:lang=\"pt-BR\" lang=\"pt-BR\"><p>This code system http://www.saude.gov.br/fhir/r4/CodeSystem/BRTipoLogradouro defines the following codes:</p><table class=\"codes\"><tr><td style=\"white-space:nowrap\"><b>Code</b></td><td><b>Display</b></td></tr><tr><td style=\"white-space:nowrap\">008<a name=\"BRTipoLogradouro-008\"> </a></td><td>Avenida</td></tr><tr><td style=\"white-space:nowrap\">081<a name=\"BRTipoLogradouro-081\"> </a></td><td>Rua</td></tr></table></div>"},"url":"http://www.saude.gov.br/fhir/r4/CodeSystem/BRTipoLogradouro","version":"0.2.0","name":"BRTipoLogradouro","title":"Tipo de Logradouro","status":"active","experimental":false,"date":"2020-04-02T13:03:18.6480245+00:00","publisher":"Ministério da Saúde","contact":[{"telecom":[{"system":"url","value":"https://www.gov.br/saude/pt-br"}]}],"description":"Classificação os tipos de logradouros existentes para uso em endereços estruturados.","jurisdiction":[{"coding":[{"system":"http://unstats.un.org/unsd/methods/m49/m49.htm","code":"001"}]}],"content":"complete","concept":[{"code":"008","display":"Avenida"},{"code":"081","display":"Rua"}]}