{"resourceType":"ImplementationGuide","id":"example.fhir.uv.myig","text":{"status":"extensions","div":"<div xmlns=\"http://www.w3.org/1999/xhtml\"><h2>IGRNDS</h2><p>The official URL for this implementation guide is: </p><pre>http://www.saude.gov.br/fhir/r4/ImplementationGuide/rnds</pre><div><p>Guia de Implementação FHIR da Rede Nacional de Dados em Saúde</p>\n</div></div>"},"url":"http://www.saude.gov.br/fhir/r4/ImplementationGuide/rnds","version":"0.2.0","name":"IGRNDS","title":"Implementation Guide RNDS","status":"draft","experimental":false,"date":"2021-11-30T19:57:56-03:00","publisher":"Ministério da Saúde","contact":[{"telecom":[{"system":"url","value":"https://www.gov.br/saude/pt-br"}]}],"description":"Guia de Implementação FHIR da Rede Nacional de Dados em Saúde","jurisdiction":[{"coding":[{"system":"http://unstats.un.org/unsd/methods/m49/m49.htm","code":"001"}]}],"packageId":"example.fhir.uv.myig","license":"CC0-1.0","fhirVersion":["4.0.1"],"definition":{"extension":[{"extension":[{"url":"code","valueString":"copyrightyear"},{"url":"value","valueString":"2021+"}],"url":"http://hl7.org/fhir/tools/StructureDefinition/ig-parameter"},{"extension":[{"url":"code","valueString":"releaselabel"},{"url":"value","valueString":"Build de Integração Contínua"}],"url":"http://hl7.org/fhir/tools/StructureDefinition/ig-parameter"},{"extension":[{"url":"code","valueString":"path-binary"},{"url":"value","valueString":"input\\cql"}],"url":"http://hl7.org/fhir/tools/StructureDefinition/ig-parameter"},{"extension":[{"url":"code","valueString":"path-liquid"},{"url":"value","valueString":"templates\\liquid"}],"url":"http://hl7.org/fhir/tools/StructureDefinition/ig-parameter"},{"extension":[{"url":"code","valueString":"shownav"},{"url":"value","valueString":"true"}],"url":"http://hl7.org/fhir/tools/StructureDefinition/ig-parameter"},{"extension":[{"url":"code","valueString":"showsource"},{"url":"value","valueString":"true"}],"url":"http://hl7.org/fhir/tools/StructureDefinition/ig-parameter"},{"extension":[{"url":"code","valueString":"autoload-resources"},{"url":"value","valueString":"true"}],"url":"http://hl7.org/fhir/tools/StructureDefinition/ig-parameter"},{"extension":[{"url":"code","valueString":"path-liquid"},{"url":"value","valueString":"template/liquid"}],"url":"http://hl7.org/fhir/tools/StructureDefinition/ig-parameter"},{"extension":[{"url":"code","valueString":"path-liquid"},{"url":"value","valueString":"input/liquid"}],"url":"http://hl7.org/fhir/tools/StructureDefinition/ig-parameter"},{"extension":[{"url":"code","valueString":"path-qa"},{"url":"value","valueString":"temp/qa"}],"url":"http://hl7.org/fhir/tools/StructureDefinition/ig-parameter"},{"extension":[{"url":"code","valueString":"path-temp"},{"url":"value","valueString":"temp/pages"}],"url":"http://hl7.org/fhir/tools/StructureDefinition/ig-parameter"},{"extension":[{"url":"code","valueString":"path-output"},{"url":"value","valueString":"output"}],"url":"http://hl7.org/fhir/tools/StructureDefinition/ig-parameter"},{"extension":[{"url":"code","valueString":"path-suppressed-warnings"},{"url":"value","valueString":"input/ignoreWarnings.txt"}],"url":"http://hl7.org/fhir/tools/StructureDefinition/ig-parameter"},{"extension":[{"url":"code","valueString":"path-history"},{"url":"value","valueString":"http://www.saude.gov.br/fhir/r4/history.html"}],"url":"http://hl7.org/fhir/tools/StructureDefinition/ig-parameter"},{"extension":[{"url":"code","valueString":"template-html"},{"url":"value","valueString":"template-page.html"}],"url":"http://hl7.org/fhir/tools/StructureDefinition/ig-parameter"},{"extension":[{"url":"code","valueString":"template-md"},{"url":"value","valueString":"template-page-md.html"}],"url":"http://hl7.org/fhir/tools/StructureDefinition/ig-parameter"},{"extension":[{"url":"code","valueString":"apply-contact"},{"url":"value","valueString":"true"}],"url":"http://hl7.org/fhir/tools/StructureDefinition/ig-parameter"},{"extension":[{"url":"code","valueString":"apply-context"},{"url":"value","valueString":"true"}],"url":"http://hl7.org/fhir/tools/StructureDefinition/ig-parameter"},{"extension":[{"url":"code","valueString":"apply-copyright"},{"url":"value","valueString":"true"}],"url":"http://hl7.org/fhir/tools/StructureDefinition/ig-parameter"},{"extension":[{"url":"code","valueString":"apply-jurisdiction"},{"url":"value","valueString":"true"}],"url":"http://hl7.org/fhir/tools/StructureDefinition/ig-parameter"},{"extension":[{"url":"code","valueString":"apply-license"},{"url":"value","valueString":"true"}],"url":"http://hl7.org/fhir/tools/StructureDefinition/ig-parameter"},{"extension":[{"url":"code","valueString":"apply-publisher"},{"url":"value","valueString":"true"}],"url":"http://hl7.org/fhir/tools/StructureDefinition/ig-parameter"},{"extension":[{"url":"code","valueString":"apply-version"},{"url":"value","valueString":"true"}],"url":"http://hl7.org/fhir/tools/StructureDefinition/ig-parameter"},{"extension":[{"url":"code","valueString":"active-tables"},{"url":"value","valueString":"true"}],"url":"http://hl7.org/fhir/tools/StructureDefinition/ig-parameter"}],"grouping":[{"id":"-str-profile","name":"Structures: Resource Profiles","description":"These define constraints on FHIR resources for systems conforming to this implementation guide"},{"id":"-str-datatype","name":"Structures: Data Type Profiles","description":"These define constraints on FHIR data types for systems conforming to this implementation guide"},{"id":"-str-extension","name":"Structures: Extension Definitions","description":"These define constraints on FHIR data types for systems conforming to this implementation guide"},{"id":"-term-valueset","name":"Terminology: Value Sets","description":"These define sets of codes used by systems conforming to this implementation guide"},{"id":"-term-codesystem","name":"Terminology: Code Systems","description":"These define new code systems used by systems conforming to this implementation guide"},{"id":"-ex-example","name":"Example: Example Instances","description":"These are example instances that show what data produced and consumed by systems conforming with this implementation guide might look like"}],"resource":[{"extension":[{"url":"http://hl7.org/fhir/StructureDefinition/implementationguide-page","valueUri":"Organization-1234567.html"}],"reference":{"reference":"Organization/1234567"},"name":"Example Organization - 1234567","exampleCanonical":"http://www.saude.gov.br/fhir/r4/StructureDefinition/BREstabelecimentoSaude-1.0","groupingId":"-ex-example"},{"extension":[{"url":"http://hl7.org/fhir/StructureDefinition/implementationguide-page","valueUri":"Organization-41004547000495.html"}],"reference":{"reference":"Organization/41004547000495"},"name":"Example Organization - 41004547000495","exampleCanonical":"http://www.saude.gov.br/fhir/r4/StructureDefinition/BRPessoaJuridicaProfissionalLiberal-1.0","groupingId":"-ex-example"},{"extension":[{"url":"http://hl7.org/fhir/StructureDefinition/implementationguide-page","valueUri":"Immunization-rdns-brimunobiologicoadministradocampanha.html"}],"reference":{"reference":"Immunization/rdns-brimunobiologicoadministradocampanha"},"name":"Example Immunization - rdns-brimunobiologicoadministradocampanha","exampleCanonical":"http://www.saude.gov.br/fhir/r4/StructureDefinition/BRImunobiologicoAdministradoCampanha-2.0","groupingId":"-ex-example"},{"extension":[{"url":"http://hl7.org/fhir/StructureDefinition/implementationguide-page","valueUri":"Patient-712176901347489.html"}],"reference":{"reference":"Patient/712176901347489"},"name":"Example Patient - 712176901347489","exampleCanonical":"http://www.saude.gov.br/fhir/r4/StructureDefinition/BRIndividuo-1.0","groupingId":"-ex-example"},{"extension":[{"url":"http://hl7.org/fhir/StructureDefinition/implementationguide-page","valueUri":"Practitioner-980016002400589.html"}],"reference":{"reference":"Practitioner/980016002400589"},"name":"Example Practitioner - 980016002400589","exampleCanonical":"http://www.saude.gov.br/fhir/r4/StructureDefinition/BRProfissional-1.0","groupingId":"-ex-example"},{"extension":[{"url":"http://hl7.org/fhir/StructureDefinition/implementationguide-page","valueUri":"Bundle-rnds-brregistroimunobiologicoadministradocampanha-0.html"}],"reference":{"reference":"Bundle/rnds-brregistroimunobiologicoadministradocampanha-0"},"name":"Example Bundle - rnds-brregistroimunobiologicoadministradocampanha-0","exampleCanonical":"http://www.saude.gov.br/fhir/r4/StructureDefinition/BRImunobiologicoAdministradoCampanha-2.0","groupingId":"-ex-example"},{"extension":[{"url":"http://hl7.org/fhir/StructureDefinition/implementationguide-page","valueUri":"StructureDefinition-BRAdministradorTerceiro-1.0.html"}],"reference":{"reference":"StructureDefinition/BRAdministradorTerceiro-1.0"},"name":"Gerente/Administrador (Terceiro) ou Interveniente","description":"Identifica organizações que são gerentes/administradoras (terceiras) ou intervenientes de outras.","groupingId":"-str-extension"},{"extension":[{"url":"http://hl7.org/fhir/StructureDefinition/implementationguide-page","valueUri":"StructureDefinition-BRAtendeSUS-1.0.html"}],"reference":{"reference":"StructureDefinition/BRAtendeSUS-1.0"},"name":"Atende SUS","description":"Extensão utilizada para identificar se um profissional ou Estabelecimento de Saúde oferece atendimento pelo Sistema Único de Saúde (SUS).","groupingId":"-str-extension"},{"extension":[{"url":"http://hl7.org/fhir/StructureDefinition/implementationguide-page","valueUri":"StructureDefinition-BRBairro-1.0.html"}],"reference":{"reference":"StructureDefinition/BRBairro-1.0"},"name":"Bairro de um endereço","description":"Extensão utilizada para identificar o bairro de um endereço.","groupingId":"-str-extension"},{"extension":[{"url":"http://hl7.org/fhir/StructureDefinition/implementationguide-page","valueUri":"CodeSystem-BRCBO.html"}],"reference":{"reference":"CodeSystem/BRCBO"},"name":"Classificação Brasileira de Ocupações - CBO","description":"Classifica as profissões do mercado de trabalho brasileiro.","groupingId":"-term-codesystem"},{"extension":[{"url":"http://hl7.org/fhir/StructureDefinition/implementationguide-page","valueUri":"CodeSystem-BRCondicaoMaternal.html"}],"reference":{"reference":"CodeSystem/BRCondicaoMaternal"},"name":"Condição Maternal","description":"Indicação da condição maternal da pessoa vacinada.","groupingId":"-term-codesystem"},{"extension":[{"url":"http://hl7.org/fhir/StructureDefinition/implementationguide-page","valueUri":"StructureDefinition-BRCondicaoMaternal.html"}],"reference":{"reference":"StructureDefinition/BRCondicaoMaternal"},"name":"Condição Maternal","description":"Indicação da condição maternal da pessoa vacinada (Nenhuma, Gestante, Puérpera). O campo é de preenchimento obrigatório para indivíduos em idade fértil, independente do sexo.","groupingId":"-str-extension"},{"extension":[{"url":"http://hl7.org/fhir/StructureDefinition/implementationguide-page","valueUri":"ValueSet-BRCondicaoMaternal-1.0.html"}],"reference":{"reference":"ValueSet/BRCondicaoMaternal-1.0"},"name":"Condição Maternal","description":"ValueSet utilizado para Indicar a condição maternal da pessoa vacinada.","groupingId":"-term-valueset"},{"extension":[{"url":"http://hl7.org/fhir/StructureDefinition/implementationguide-page","valueUri":"CodeSystem-BRDivisaoGeograficaBrasil.html"}],"reference":{"reference":"CodeSystem/BRDivisaoGeograficaBrasil"},"name":"Divisão Geográfica do Brasil","description":"As regiões geográficas, estados, distrito federal e municípios do Brasil.","groupingId":"-term-codesystem"},{"extension":[{"url":"http://hl7.org/fhir/StructureDefinition/implementationguide-page","valueUri":"StructureDefinition-BRDocumentoIndividuo-1.0.html"}],"reference":{"reference":"StructureDefinition/BRDocumentoIndividuo-1.0"},"name":"Documento do Indivíduo","description":"Documento do Indivíduo","groupingId":"-str-datatype"},{"extension":[{"url":"http://hl7.org/fhir/StructureDefinition/implementationguide-page","valueUri":"CodeSystem-BRDose.html"}],"reference":{"reference":"CodeSystem/BRDose"},"name":"Indentificação da Dose","description":"Define a dose da administração de uma substância.","groupingId":"-term-codesystem"},{"extension":[{"url":"http://hl7.org/fhir/StructureDefinition/implementationguide-page","valueUri":"ValueSet-BRDose-1.0.html"}],"reference":{"reference":"ValueSet/BRDose-1.0"},"name":"Dose Administrada no Indivíduo","description":"ValueSet utilizado para definir o tipo da dose administrada no indivíduo.","groupingId":"-term-valueset"},{"extension":[{"url":"http://hl7.org/fhir/StructureDefinition/implementationguide-page","valueUri":"StructureDefinition-BREndereco-1.0.html"}],"reference":{"reference":"StructureDefinition/BREndereco-1.0"},"name":"Endereço","description":"Padronização de endereços no Brasil.","groupingId":"-str-datatype"},{"extension":[{"url":"http://hl7.org/fhir/StructureDefinition/implementationguide-page","valueUri":"StructureDefinition-BREstabelecimentoSaude-1.0.html"}],"reference":{"reference":"StructureDefinition/BREstabelecimentoSaude-1.0"},"name":"Estabelecimento de Saúde","description":"Espaço físico delimitado e permanente onde são realizadas ações e serviços de saúde humana sob responsabilidade técnica.","groupingId":"-str-profile"},{"extension":[{"url":"http://hl7.org/fhir/StructureDefinition/implementationguide-page","valueUri":"ValueSet-BREstadoDocumento-1.0.html"}],"reference":{"reference":"ValueSet/BREstadoDocumento-1.0"},"name":"Estado de um documento","description":"Classifica o estado de um documento.","groupingId":"-term-valueset"},{"extension":[{"url":"http://hl7.org/fhir/StructureDefinition/implementationguide-page","valueUri":"ValueSet-BREstadoEvento-1.0.html"}],"reference":{"reference":"ValueSet/BREstadoEvento-1.0"},"name":"Estado de um Evento","description":"Identificação do estado de um evento.","groupingId":"-term-valueset"},{"extension":[{"url":"http://hl7.org/fhir/StructureDefinition/implementationguide-page","valueUri":"CodeSystem-BREstrategiaVacinacao.html"}],"reference":{"reference":"CodeSystem/BREstrategiaVacinacao"},"name":"Estratégia de Vacinação","description":"Classifica a estratégia de vacinação adotada.","groupingId":"-term-codesystem"},{"extension":[{"url":"http://hl7.org/fhir/StructureDefinition/implementationguide-page","valueUri":"StructureDefinition-BREstrategiaVacinacao-1.0.html"}],"reference":{"reference":"StructureDefinition/BREstrategiaVacinacao-1.0"},"name":"Estratégia de Vacinação","description":"Identifica a estratégia de vacinação adotada.","groupingId":"-str-extension"},{"extension":[{"url":"http://hl7.org/fhir/StructureDefinition/implementationguide-page","valueUri":"ValueSet-BREstrategiaVacinacao-1.0.html"}],"reference":{"reference":"ValueSet/BREstrategiaVacinacao-1.0"},"name":"Estratégia de Vacinação","description":"Identifica a estratégia de vacinação adotada.","groupingId":"-term-valueset"},{"extension":[{"url":"http://hl7.org/fhir/StructureDefinition/implementationguide-page","valueUri":"StructureDefinition-BREstrategiaVacinacaoPesquisa-1.0.html"}],"reference":{"reference":"StructureDefinition/BREstrategiaVacinacaoPesquisa-1.0"},"name":"Dados da Pesquisa Clínica Registrada na ANVISA","description":"Extensão para as informações relacionadas aos dados da pesquisa clínica registrada na ANVISA.","groupingId":"-str-extension"},{"extension":[{"url":"http://hl7.org/fhir/StructureDefinition/implementationguide-page","valueUri":"CodeSystem-BREtniaIndigena.html"}],"reference":{"reference":"CodeSystem/BREtniaIndigena"},"name":"Etnia Indígena","description":"Códigos para representação de etnias indígenas no Brasil.","groupingId":"-term-codesystem"},{"extension":[{"url":"http://hl7.org/fhir/StructureDefinition/implementationguide-page","valueUri":"ValueSet-BREtniaIndigena-1.0.html"}],"reference":{"reference":"ValueSet/BREtniaIndigena-1.0"},"name":"Etnia Indígena","description":"Códigos para representação de etnias indígenas no Brasil.","groupingId":"-term-valueset"},{"extension":[{"url":"http://hl7.org/fhir/StructureDefinition/implementationguide-page","valueUri":"ValueSet-BRFabricanteImunobiologico-1.0.html"}],"reference":{"reference":"ValueSet/BRFabricanteImunobiologico-1.0"},"name":"Fabricante do Imunobiológico","description":"Fabricante do imunobiológico administrado","groupingId":"-term-valueset"},{"extension":[{"url":"http://hl7.org/fhir/StructureDefinition/implementationguide-page","valueUri":"CodeSystem-BRFabricantePNI.html"}],"reference":{"reference":"CodeSystem/BRFabricantePNI"},"name":"Fabricante do Imunobiológico","description":"Apresenta o fabricante do imunobiológico.","groupingId":"-term-codesystem"},{"extension":[{"url":"http://hl7.org/fhir/StructureDefinition/implementationguide-page","valueUri":"CodeSystem-BRGrupoAtendimento.html"}],"reference":{"reference":"CodeSystem/BRGrupoAtendimento"},"name":"Grupo de Atendimento","description":"Domínio que identifica o tipo de grupo de atendimento que o indivíduo apresentou para a vacinação em campanha.","groupingId":"-term-codesystem"},{"extension":[{"url":"http://hl7.org/fhir/StructureDefinition/implementationguide-page","valueUri":"StructureDefinition-BRGrupoAtendimento.html"}],"reference":{"reference":"StructureDefinition/BRGrupoAtendimento"},"name":"Grupo de Atendimento","description":"Identificação do grupo de atendimento para vacinação.","groupingId":"-str-extension"},{"extension":[{"url":"http://hl7.org/fhir/StructureDefinition/implementationguide-page","valueUri":"ValueSet-BRGrupoAtendimento-1.0.html"}],"reference":{"reference":"ValueSet/BRGrupoAtendimento-1.0"},"name":"Tipo de grupo de atendimento","description":"Identifica o tipo de grupo de atendimento que o indivíduo apresentou para a vacinação em campanha.","groupingId":"-term-valueset"},{"extension":[{"url":"http://hl7.org/fhir/StructureDefinition/implementationguide-page","valueUri":"CodeSystem-BRImunobiologico.html"}],"reference":{"reference":"CodeSystem/BRImunobiologico"},"name":"Imunobiológico","description":"Classifica os tipos de imunobiológicos.","groupingId":"-term-codesystem"},{"extension":[{"url":"http://hl7.org/fhir/StructureDefinition/implementationguide-page","valueUri":"ValueSet-BRImunobiologico-1.0.html"}],"reference":{"reference":"ValueSet/BRImunobiologico-1.0"},"name":"Imunobiológico","description":"Tipos de imunobiológicos disponíveis no Brasil.","groupingId":"-term-valueset"},{"extension":[{"url":"http://hl7.org/fhir/StructureDefinition/implementationguide-page","valueUri":"StructureDefinition-BRImunobiologicoAdministradoCampanha-2.0.html"}],"reference":{"reference":"StructureDefinition/BRImunobiologicoAdministradoCampanha-2.0"},"name":"Imunobiológico Administrado em Campanha","description":"Representa um imunobiológico administrado em campanha vacinal.","groupingId":"-str-profile"},{"extension":[{"url":"http://hl7.org/fhir/StructureDefinition/implementationguide-page","valueUri":"StructureDefinition-BRIndividuo-1.0.html"}],"reference":{"reference":"StructureDefinition/BRIndividuo-1.0"},"name":"Indivíduo","description":"Indíviduo, sujeito da assistência à saúde.","groupingId":"-str-profile"},{"extension":[{"url":"http://hl7.org/fhir/StructureDefinition/implementationguide-page","valueUri":"StructureDefinition-BRIndividuoProtegido-1.0.html"}],"reference":{"reference":"StructureDefinition/BRIndividuoProtegido-1.0"},"name":"Indivíduo Protegido","description":"Extensão utilizada para identificar indivíduos que possuem  maior restrição à disponibilização de seus dados, por possuirem grande exposição pública (ex.: político, esportista, artista famoso etc.), estarem em programa de proteção à testemunha, o objeto de seu trabalho colocá-los em risco (investigadores da inteligência, p.ex.), dentre outros.","groupingId":"-str-extension"},{"extension":[{"url":"http://hl7.org/fhir/StructureDefinition/implementationguide-page","valueUri":"StructureDefinition-BRJurisdicaoOrgaoEmissor-1.0.html"}],"reference":{"reference":"StructureDefinition/BRJurisdicaoOrgaoEmissor-1.0"},"name":"Jurisdição do Órgão Expedidor","description":"Jurisdição de Órgãos Expedidores","groupingId":"-str-extension"},{"extension":[{"url":"http://hl7.org/fhir/StructureDefinition/implementationguide-page","valueUri":"CodeSystem-BRLocalAplicacao.html"}],"reference":{"reference":"CodeSystem/BRLocalAplicacao"},"name":"Local de Aplicação","description":"Define a localização anatômica de aplicação de uma substância","groupingId":"-term-codesystem"},{"extension":[{"url":"http://hl7.org/fhir/StructureDefinition/implementationguide-page","valueUri":"ValueSet-BRLocalAplicacao-1.0.html"}],"reference":{"reference":"ValueSet/BRLocalAplicacao-1.0"},"name":"Local de Aplicação","description":"Localização anatômica para aplicação de um injetável.","groupingId":"-term-valueset"},{"extension":[{"url":"http://hl7.org/fhir/StructureDefinition/implementationguide-page","valueUri":"StructureDefinition-BRMeioContato-1.0.html"}],"reference":{"reference":"StructureDefinition/BRMeioContato-1.0"},"name":"Meio de Contato","description":"Padronização de meios de contato no Brasil.","groupingId":"-str-datatype"},{"extension":[{"url":"http://hl7.org/fhir/StructureDefinition/implementationguide-page","valueUri":"StructureDefinition-BRMunicipio-1.0.html"}],"reference":{"reference":"StructureDefinition/BRMunicipio-1.0"},"name":"Município","description":"Extensão para informar um município.","groupingId":"-str-extension"},{"extension":[{"url":"http://hl7.org/fhir/StructureDefinition/implementationguide-page","valueUri":"ValueSet-BRMunicipio-1.0.html"}],"reference":{"reference":"ValueSet/BRMunicipio-1.0"},"name":"Município","description":"Municípios brasileiros, entes subnacionais.","groupingId":"-term-valueset"},{"extension":[{"url":"http://hl7.org/fhir/StructureDefinition/implementationguide-page","valueUri":"StructureDefinition-BRNaturalizacao-1.0.html"}],"reference":{"reference":"StructureDefinition/BRNaturalizacao-1.0"},"name":"Dados de Naturalização","description":"Extensão para as informações de naturalização de um indivíduo.","groupingId":"-str-extension"},{"extension":[{"url":"http://hl7.org/fhir/StructureDefinition/implementationguide-page","valueUri":"CodeSystem-BRNaturezaJuridica.html"}],"reference":{"reference":"CodeSystem/BRNaturezaJuridica"},"name":"Natureza Jurídica","description":"Identifica a constituição jurídico-institucional das entidades públicas e privadas nos cadastros da administração pública do Brasil.","groupingId":"-term-codesystem"},{"extension":[{"url":"http://hl7.org/fhir/StructureDefinition/implementationguide-page","valueUri":"ValueSet-BRNaturezaJuridica-1.0.html"}],"reference":{"reference":"ValueSet/BRNaturezaJuridica-1.0"},"name":"Natureza Jurídica","description":"Identifica a constituição jurídico-institucional das entidades públicas e privadas nos cadastros da administração pública do Brasil.","groupingId":"-term-valueset"},{"extension":[{"url":"http://hl7.org/fhir/StructureDefinition/implementationguide-page","valueUri":"StructureDefinition-BRNomeIndividuo-1.0.html"}],"reference":{"reference":"StructureDefinition/BRNomeIndividuo-1.0"},"name":"Nome de Indivíduos","description":"Padronização de uso de nomes de indivíduo no Brasil.","groupingId":"-str-datatype"},{"extension":[{"url":"http://hl7.org/fhir/StructureDefinition/implementationguide-page","valueUri":"ValueSet-BROcupacao-1.0.html"}],"reference":{"reference":"ValueSet/BROcupacao-1.0"},"name":"Classificação Brasileira de Ocupações - CBO","description":"Classifica as profissões do mercado de trabalho brasileiro.","groupingId":"-term-valueset"},{"extension":[{"url":"http://hl7.org/fhir/StructureDefinition/implementationguide-page","valueUri":"CodeSystem-BROrgaoExpedidor.html"}],"reference":{"reference":"CodeSystem/BROrgaoExpedidor"},"name":"Órgão Expedidor","description":"Órgãos responsáveis por expedir documentos no Brasil.","groupingId":"-term-codesystem"},{"extension":[{"url":"http://hl7.org/fhir/StructureDefinition/implementationguide-page","valueUri":"ValueSet-BROrgaoExpedidor-1.0.html"}],"reference":{"reference":"ValueSet/BROrgaoExpedidor-1.0"},"name":"Orgão Expedidor","description":"Lista de órgãos responsáveis por expedir documentos no Brasil.","groupingId":"-term-valueset"},{"extension":[{"url":"http://hl7.org/fhir/StructureDefinition/implementationguide-page","valueUri":"CodeSystem-BRPais.html"}],"reference":{"reference":"CodeSystem/BRPais"},"name":"País","description":"Códigos para representação de países.","groupingId":"-term-codesystem"},{"extension":[{"url":"http://hl7.org/fhir/StructureDefinition/implementationguide-page","valueUri":"StructureDefinition-BRPais-1.0.html"}],"reference":{"reference":"StructureDefinition/BRPais-1.0"},"name":"País","description":"Extensão para representar um país.","groupingId":"-str-extension"},{"extension":[{"url":"http://hl7.org/fhir/StructureDefinition/implementationguide-page","valueUri":"ValueSet-BRPais-1.0.html"}],"reference":{"reference":"ValueSet/BRPais-1.0"},"name":"País","description":"Códigos para representação de países.","groupingId":"-term-valueset"},{"extension":[{"url":"http://hl7.org/fhir/StructureDefinition/implementationguide-page","valueUri":"CodeSystem-BRParentesco.html"}],"reference":{"reference":"CodeSystem/BRParentesco"},"name":"Parentesco","description":"Classificação da relação familiar entre indivíduos.","groupingId":"-term-codesystem"},{"extension":[{"url":"http://hl7.org/fhir/StructureDefinition/implementationguide-page","valueUri":"ValueSet-BRParentesco-1.0.html"}],"reference":{"reference":"ValueSet/BRParentesco-1.0"},"name":"Parentesco","description":"Classificação da relação familiar entre indivíduos.","groupingId":"-term-valueset"},{"extension":[{"url":"http://hl7.org/fhir/StructureDefinition/implementationguide-page","valueUri":"StructureDefinition-BRParentesIndividuo-1.0.html"}],"reference":{"reference":"StructureDefinition/BRParentesIndividuo-1.0"},"name":"Parentes do Indivíduo","description":"Resource para representar parentescos de indivíduo.","groupingId":"-str-extension"},{"extension":[{"url":"http://hl7.org/fhir/StructureDefinition/implementationguide-page","valueUri":"StructureDefinition-BRPessoaJuridicaProfissionalLiberal-1.0.html"}],"reference":{"reference":"StructureDefinition/BRPessoaJuridicaProfissionalLiberal-1.0"},"name":"Pessoa Jurídica e Profissional Liberal","description":"Pessoa jurídica identificada no âmbito da Receita Federal do Brasil pelo Cadastro Nacional da Pessoa Jurídica (CNPJ) ou profissional liberal identificado pelo Cadastro de Pessoas Físicas (CPF).","groupingId":"-str-profile"},{"extension":[{"url":"http://hl7.org/fhir/StructureDefinition/implementationguide-page","valueUri":"StructureDefinition-BRProfissional-1.0.html"}],"reference":{"reference":"StructureDefinition/BRProfissional-1.0"},"name":"Profissional","description":"Indivíduo que realiza atividades profissionais.","groupingId":"-str-profile"},{"extension":[{"url":"http://hl7.org/fhir/StructureDefinition/implementationguide-page","valueUri":"StructureDefinition-BRQualidadeCadastroIndividuo-1.0.html"}],"reference":{"reference":"StructureDefinition/BRQualidadeCadastroIndividuo-1.0"},"name":"Qualidade do Cadastro do Indivíduo","description":"Grau de qualidade de um registro de um indivíduo, vai de 0 até 100.","groupingId":"-str-extension"},{"extension":[{"url":"http://hl7.org/fhir/StructureDefinition/implementationguide-page","valueUri":"CodeSystem-BRRacaCor.html"}],"reference":{"reference":"CodeSystem/BRRacaCor"},"name":"Raça/Cor","description":"Códigos para representação de raça/cor.","groupingId":"-term-codesystem"},{"extension":[{"url":"http://hl7.org/fhir/StructureDefinition/implementationguide-page","valueUri":"ValueSet-BRRacaCor-1.0.html"}],"reference":{"reference":"ValueSet/BRRacaCor-1.0"},"name":"Raça/Cor","description":"Códigos para representação de raça/cor no Brasil.","groupingId":"-term-valueset"},{"extension":[{"url":"http://hl7.org/fhir/StructureDefinition/implementationguide-page","valueUri":"StructureDefinition-BRRacaCorEtnia-1.0.html"}],"reference":{"reference":"StructureDefinition/BRRacaCorEtnia-1.0"},"name":"Raça/Cor e Etnina","description":"Extensão para para representar dados relacionados à raça/cor e etnia de um indivíduo.","groupingId":"-str-extension"},{"extension":[{"url":"http://hl7.org/fhir/StructureDefinition/implementationguide-page","valueUri":"StructureDefinition-BRRegistroImunobiologicoAdministradoCampanha-2.0.html"}],"reference":{"reference":"StructureDefinition/BRRegistroImunobiologicoAdministradoCampanha-2.0"},"name":"Registro de Imunobiológico Administrado na Campanha","description":"Documento que aprepresenta o registro da administração de imunobiológicos em campanha vacinal.","groupingId":"-str-profile"},{"extension":[{"url":"http://hl7.org/fhir/StructureDefinition/implementationguide-page","valueUri":"ValueSet-BRSexo-1.0.html"}],"reference":{"reference":"ValueSet/BRSexo-1.0"},"name":"Sexo","description":"Sexo de um indivíduo.","groupingId":"-term-valueset"},{"extension":[{"url":"http://hl7.org/fhir/StructureDefinition/implementationguide-page","valueUri":"CodeSystem-BRTipoDocumento.html"}],"reference":{"reference":"CodeSystem/BRTipoDocumento"},"name":"Tipo de Documento","description":"Classificação dos tipos de documentos compartilhados no Brasil.","groupingId":"-term-codesystem"},{"extension":[{"url":"http://hl7.org/fhir/StructureDefinition/implementationguide-page","valueUri":"ValueSet-BRTipoDocumento-1.0.html"}],"reference":{"reference":"ValueSet/BRTipoDocumento-1.0"},"name":"Tipo de Dcoumento","description":"Classifica o tipo de documento que está sendo trafegado.","groupingId":"-term-valueset"},{"extension":[{"url":"http://hl7.org/fhir/StructureDefinition/implementationguide-page","valueUri":"ValueSet-BRTipoDocumentoIndividuo-1.0.html"}],"reference":{"reference":"ValueSet/BRTipoDocumentoIndividuo-1.0"},"name":"Tipo de Documento do Indivíduo","description":"Classifica o tipo de documento que está sendo utilizado para identificar o indivíduo.","groupingId":"-term-valueset"},{"extension":[{"url":"http://hl7.org/fhir/StructureDefinition/implementationguide-page","valueUri":"CodeSystem-BRTipoEstabelecimentoSaude.html"}],"reference":{"reference":"CodeSystem/BRTipoEstabelecimentoSaude"},"name":"Tipo de Estabelecimento de Saúde","description":"Códigos para representação de tipos de estabelecimentos de saúde, de acordo com codificação já existente para o Cadastro Nacional de Estabelecimentos de Saúde (CNES).","groupingId":"-term-codesystem"},{"extension":[{"url":"http://hl7.org/fhir/StructureDefinition/implementationguide-page","valueUri":"ValueSet-BRTipoEstabelecimentoSaude-1.0.html"}],"reference":{"reference":"ValueSet/BRTipoEstabelecimentoSaude-1.0"},"name":"Tipo de Estabelecimento de Saúde","description":"ValueSet utilizado para classificar o tipo de estabelecimento de saúde.","groupingId":"-term-valueset"},{"extension":[{"url":"http://hl7.org/fhir/StructureDefinition/implementationguide-page","valueUri":"CodeSystem-BRTipoIdentificador.html"}],"reference":{"reference":"CodeSystem/BRTipoIdentificador"},"name":"Tipo de Identificador","description":"Classifica o tipo de indicador que está sendo utilizado.","groupingId":"-term-codesystem"},{"extension":[{"url":"http://hl7.org/fhir/StructureDefinition/implementationguide-page","valueUri":"CodeSystem-BRTipoLogradouro.html"}],"reference":{"reference":"CodeSystem/BRTipoLogradouro"},"name":"Tipo de Logradouro","description":"Classificação os tipos de logradouros existentes para uso em endereços estruturados.","groupingId":"-term-codesystem"},{"extension":[{"url":"http://hl7.org/fhir/StructureDefinition/implementationguide-page","valueUri":"ValueSet-BRTipoLogradouro-1.0.html"}],"reference":{"reference":"ValueSet/BRTipoLogradouro-1.0"},"name":"Tipo de Logradouro","description":"Classifica o tipo de logradouro.","groupingId":"-term-valueset"},{"extension":[{"url":"http://hl7.org/fhir/StructureDefinition/implementationguide-page","valueUri":"ValueSet-BRUnidadeFederativa-1.0.html"}],"reference":{"reference":"ValueSet/BRUnidadeFederativa-1.0"},"name":"Unidade Federativa","description":"Os estados e o Distrito Federal, entes subnacionais brasileiros.","groupingId":"-term-valueset"},{"extension":[{"url":"http://hl7.org/fhir/StructureDefinition/implementationguide-page","valueUri":"CodeSystem-BRViaAdministracao.html"}],"reference":{"reference":"CodeSystem/BRViaAdministracao"},"name":"Via de Administração","description":"Classifica a via na qual foi administrada uma substância em um indivíduo.","groupingId":"-term-codesystem"},{"extension":[{"url":"http://hl7.org/fhir/StructureDefinition/implementationguide-page","valueUri":"ValueSet-BRViaAdministracao-1.0.html"}],"reference":{"reference":"ValueSet/BRViaAdministracao-1.0"},"name":"Via de administração de um imunobiológico","description":"Via de administração de um imunobiológico.","groupingId":"-term-valueset"}],"page":{"nameUrl":"toc.html","title":"Conteúdo","generation":"html","page":[{"nameUrl":"index.html","title":"Home IGRNDS","generation":"html"},{"nameUrl":"background.html","title":"Background","generation":"html"},{"nameUrl":"spec.html","title":"Especificações","generation":"markdown"},{"nameUrl":"downloads.html","title":"Arquivos Úteis","generation":"html"},{"nameUrl":"changes.html","title":"Histórico de Mudanças","generation":"html"},{"nameUrl":"artifacts.html","title":"Artifacts Summary","generation":"html","page":[{"nameUrl":"StructureDefinition-BREstabelecimentoSaude-1.0.html","title":"Estabelecimento de Saúde","generation":"generated"},{"nameUrl":"StructureDefinition-BRImunobiologicoAdministradoCampanha-2.0.html","title":"Imunobiológico Administrado em Campanha","generation":"generated"},{"nameUrl":"StructureDefinition-BRIndividuo-1.0.html","title":"Indivíduo","generation":"generated"},{"nameUrl":"StructureDefinition-BRPessoaJuridicaProfissionalLiberal-1.0.html","title":"Pessoa Jurídica e Profissional Liberal","generation":"generated"},{"nameUrl":"StructureDefinition-BRProfissional-1.0.html","title":"Profissional","generation":"generated"},{"nameUrl":"StructureDefinition-BRRegistroImunobiologicoAdministradoCampanha-2.0.html","title":"Registro de Imunobiológico Administrado na Campanha","generation":"generated"},{"nameUrl":"StructureDefinition-BRDocumentoIndividuo-1.0.html","title":"Documento do Indivíduo","generation":"generated"},{"nameUrl":"StructureDefinition-BREndereco-1.0.html","title":"Endereço","generation":"generated"},{"nameUrl":"StructureDefinition-BRMeioContato-1.0.html","title":"Meio de Contato","generation":"generated"},{"nameUrl":"StructureDefinition-BRNomeIndividuo-1.0.html","title":"Nome de Indivíduos","generation":"generated"},{"nameUrl":"StructureDefinition-BRAdministradorTerceiro-1.0.html","title":"Gerente/Administrador (Terceiro) ou Interveniente","generation":"generated"},{"nameUrl":"StructureDefinition-BRAtendeSUS-1.0.html","title":"Atende SUS","generation":"generated"},{"nameUrl":"StructureDefinition-BRBairro-1.0.html","title":"Bairro de um endereço","generation":"generated"},{"nameUrl":"StructureDefinition-BRCondicaoMaternal.html","title":"Condição Maternal","generation":"generated"},{"nameUrl":"StructureDefinition-BREstrategiaVacinacao-1.0.html","title":"Estratégia de Vacinação","generation":"generated"},{"nameUrl":"StructureDefinition-BREstrategiaVacinacaoPesquisa-1.0.html","title":"Dados da Pesquisa Clínica Registrada na ANVISA","generation":"generated"},{"nameUrl":"StructureDefinition-BRGrupoAtendimento.html","title":"Grupo de Atendimento","generation":"generated"},{"nameUrl":"StructureDefinition-BRIndividuoProtegido-1.0.html","title":"Indivíduo Protegido","generation":"generated"},{"nameUrl":"StructureDefinition-BRJurisdicaoOrgaoEmissor-1.0.html","title":"Jurisdição do Órgão Expedidor","generation":"generated"},{"nameUrl":"StructureDefinition-BRMunicipio-1.0.html","title":"Município","generation":"generated"},{"nameUrl":"StructureDefinition-BRNaturalizacao-1.0.html","title":"Dados de Naturalização","generation":"generated"},{"nameUrl":"StructureDefinition-BRPais-1.0.html","title":"País","generation":"generated"},{"nameUrl":"StructureDefinition-BRParentesIndividuo-1.0.html","title":"Parentes do Indivíduo","generation":"generated"},{"nameUrl":"StructureDefinition-BRQualidadeCadastroIndividuo-1.0.html","title":"Qualidade do Cadastro do Indivíduo","generation":"generated"},{"nameUrl":"StructureDefinition-BRRacaCorEtnia-1.0.html","title":"Raça/Cor e Etnina","generation":"generated"},{"nameUrl":"ValueSet-BRCondicaoMaternal-1.0.html","title":"Condição Maternal","generation":"generated"},{"nameUrl":"ValueSet-BRDose-1.0.html","title":"Dose Administrada no Indivíduo","generation":"generated"},{"nameUrl":"ValueSet-BREstadoDocumento-1.0.html","title":"Estado de um documento","generation":"generated"},{"nameUrl":"ValueSet-BREstadoEvento-1.0.html","title":"Estado de um Evento","generation":"generated"},{"nameUrl":"ValueSet-BREstrategiaVacinacao-1.0.html","title":"Estratégia de Vacinação","generation":"generated"},{"nameUrl":"ValueSet-BREtniaIndigena-1.0.html","title":"Etnia Indígena","generation":"generated"},{"nameUrl":"ValueSet-BRFabricanteImunobiologico-1.0.html","title":"Fabricante do Imunobiológico","generation":"generated"},{"nameUrl":"ValueSet-BRGrupoAtendimento-1.0.html","title":"Tipo de grupo de atendimento","generation":"generated"},{"nameUrl":"ValueSet-BRImunobiologico-1.0.html","title":"Imunobiológico","generation":"generated"},{"nameUrl":"ValueSet-BRLocalAplicacao-1.0.html","title":"Local de Aplicação","generation":"generated"},{"nameUrl":"ValueSet-BRMunicipio-1.0.html","title":"Município","generation":"generated"},{"nameUrl":"ValueSet-BRNaturezaJuridica-1.0.html","title":"Natureza Jurídica","generation":"generated"},{"nameUrl":"ValueSet-BROcupacao-1.0.html","title":"Classificação Brasileira de Ocupações - CBO","generation":"generated"},{"nameUrl":"ValueSet-BROrgaoExpedidor-1.0.html","title":"Orgão Expedidor","generation":"generated"},{"nameUrl":"ValueSet-BRPais-1.0.html","title":"País","generation":"generated"},{"nameUrl":"ValueSet-BRParentesco-1.0.html","title":"Parentesco","generation":"generated"},{"nameUrl":"ValueSet-BRRacaCor-1.0.html","title":"Raça/Cor","generation":"generated"},{"nameUrl":"ValueSet-BRSexo-1.0.html","title":"Sexo","generation":"generated"},{"nameUrl":"ValueSet-BRTipoDocumento-1.0.html","title":"Tipo de Dcoumento","generation":"generated"},{"nameUrl":"ValueSet-BRTipoDocumentoIndividuo-1.0.html","title":"Tipo de Documento do Indivíduo","generation":"generated"},{"nameUrl":"ValueSet-BRTipoEstabelecimentoSaude-1.0.html","title":"Tipo de Estabelecimento de Saúde","generation":"generated"},{"nameUrl":"ValueSet-BRTipoLogradouro-1.0.html","title":"Tipo de Logradouro","generation":"generated"},{"nameUrl":"ValueSet-BRUnidadeFederativa-1.0.html","title":"Unidade Federativa","generation":"generated"},{"nameUrl":"ValueSet-BRViaAdministracao-1.0.html","title":"Via de administração de um imunobiológico","generation":"generated"},{"nameUrl":"CodeSystem-BRCBO.html","title":"Classificação Brasileira de Ocupações - CBO","generation":"generated"},{"nameUrl":"CodeSystem-BRCondicaoMaternal.html","title":"Condição Maternal","generation":"generated"},{"nameUrl":"CodeSystem-BRDivisaoGeograficaBrasil.html","title":"Divisão Geográfica do Brasil","generation":"generated"},{"nameUrl":"CodeSystem-BRDose.html","title":"Indentificação da Dose","generation":"generated"},{"nameUrl":"CodeSystem-BREstrategiaVacinacao.html","title":"Estratégia de Vacinação","generation":"generated"},{"nameUrl":"CodeSystem-BREtniaIndigena.html","title":"Etnia Indígena","generation":"generated"},{"nameUrl":"CodeSystem-BRFabricantePNI.html","title":"Fabricante do Imunobiológico","generation":"generated"},{"nameUrl":"CodeSystem-BRGrupoAtendimento.html","title":"Grupo de Atendimento","generation":"generated"},{"nameUrl":"CodeSystem-BRImunobiologico.html","title":"Imunobiológico","generation":"generated"},{"nameUrl":"CodeSystem-BRLocalAplicacao.html","title":"Local de Aplicação","generation":"generated"},{"nameUrl":"CodeSystem-BRNaturezaJuridica.html","title":"Natureza Jurídica","generation":"generated"},{"nameUrl":"CodeSystem-BROrgaoExpedidor.html","title":"Órgão Expedidor","generation":"generated"},{"nameUrl":"CodeSystem-BRPais.html","title":"País","generation":"generated"},{"nameUrl":"CodeSystem-BRParentesco.html","title":"Parentesco","generation":"generated"},{"nameUrl":"CodeSystem-BRRacaCor.html","title":"Raça/Cor","generation":"generated"},{"nameUrl":"CodeSystem-BRTipoDocumento.html","title":"Tipo de Documento","generation":"generated"},{"nameUrl":"CodeSystem-BRTipoEstabelecimentoSaude.html","title":"Tipo de Estabelecimento de Saúde","generation":"generated"},{"nameUrl":"CodeSystem-BRTipoIdentificador.html","title":"Tipo de Identificador","generation":"generated"},{"nameUrl":"CodeSystem-BRTipoLogradouro.html","title":"Tipo de Logradouro","generation":"generated"},{"nameUrl":"CodeSystem-BRViaAdministracao.html","title":"Via de Administração","generation":"generated"},{"nameUrl":"Organization-1234567.html","title":"Example Organization - 1234567","generation":"generated"},{"nameUrl":"Organization-41004547000495.html","title":"Example Organization - 41004547000495","generation":"generated"},{"nameUrl":"Immunization-rdns-brimunobiologicoadministradocampanha.html","title":"Example Immunization - rdns-brimunobiologicoadministradocampanha","generation":"generated"},{"nameUrl":"Patient-712176901347489.html","title":"Example Patient - 712176901347489","generation":"generated"},{"nameUrl":"Practitioner-980016002400589.html","title":"Example Practitioner - 980016002400589","generation":"generated"},{"nameUrl":"Bundle-rnds-brregistroimunobiologicoadministradocampanha-0.html","title":"Example Bundle - rnds-brregistroimunobiologicoadministradocampanha-0","generation":"generated"}]}]},"parameter":[{"code":"path-resource","value":"input\\history"},{"code":"path-resource","value":"input/capabilities"},{"code":"path-resource","value":"input/examples"},{"code":"path-resource","value":"input/extensions"},{"code":"path-resource","value":"input/models"},{"code":"path-resource","value":"input/operations"},{"code":"path-resource","value":"input/profiles"},{"code":"path-resource","value":"input/resources"},{"code":"path-resource","value":"input/vocabulary"},{"code":"path-resource","value":"input/testing"},{"code":"path-resource","value":"input/history"},{"code":"path-resource","value":"fsh-generated/resources"},{"code":"path-pages","value":"template/config"},{"code":"path-pages","value":"input/images"},{"code":"path-tx-cache","value":"input-cache/txcache"}]}}