{"resourceType":"ValueSet","id":"BRParentesco-1.0","meta":{"lastUpdated":"2020-03-12T10:23:17.366-03:00"},"language":"pt-BR","text":{"status":"generated","div":"<div xmlns=\"http://www.w3.org/1999/xhtml\" xml:lang=\"pt-BR\" lang=\"pt-BR\"><ul><li>Include all codes defined in <a href=\"CodeSystem-BRParentesco.html\"><code>http://www.saude.gov.br/fhir/r4/CodeSystem/BRParentesco</code></a></li></ul></div>"},"url":"http://www.saude.gov.br/fhir/r4/ValueSet/BRParentesco-1.0","version":"0.2.0","name":"BRParentesco","title":"Parentesco","status":"active","experimental":false,"date":"2020-03-12T13:23:16.6535149+00:00","publisher":"Ministério da Saúde","contact":[{"telecom":[{"system":"url","value":"https://www.gov.br/saude/pt-br"}]}],"description":"Classificação da relação familiar entre indivíduos.","jurisdiction":[{"coding":[{"system":"http://unstats.un.org/unsd/methods/m49/m49.htm","code":"001"}]}],"immutable":false,"compose":{"include":[{"system":"http://www.saude.gov.br/fhir/r4/CodeSystem/BRParentesco","version":"*"}]}}