{"resourceType":"ValueSet","id":"BRDose-1.0","meta":{"lastUpdated":"2020-03-11T16:16:00.146-03:00"},"language":"pt","text":{"status":"generated","div":"<div xmlns=\"http://www.w3.org/1999/xhtml\" xml:lang=\"pt\" lang=\"pt\"><ul><li>Include all codes defined in <a href=\"CodeSystem-BRDose.html\"><code>http://www.saude.gov.br/fhir/r4/CodeSystem/BRDose</code></a></li></ul></div>"},"url":"http://www.saude.gov.br/fhir/r4/ValueSet/BRDose-1.0","version":"0.2.0","name":"BRDose","title":"Dose Administrada no Indivíduo","status":"active","experimental":false,"date":"2020-03-11T19:16:20.2871065+00:00","publisher":"Ministério da Saúde","contact":[{"telecom":[{"system":"url","value":"https://www.gov.br/saude/pt-br"}]}],"description":"ValueSet utilizado para definir o tipo da dose administrada no indivíduo.","jurisdiction":[{"coding":[{"system":"http://unstats.un.org/unsd/methods/m49/m49.htm","code":"001"}]}],"immutable":false,"compose":{"include":[{"system":"http://www.saude.gov.br/fhir/r4/CodeSystem/BRDose","version":"*"}]}}