{"resourceType":"ValueSet","id":"BRTipoEstabelecimentoSaude-1.0","meta":{"lastUpdated":"2020-03-12T10:27:41.424-03:00"},"language":"pt-BR","text":{"status":"generated","div":"<div xmlns=\"http://www.w3.org/1999/xhtml\" xml:lang=\"pt-BR\" lang=\"pt-BR\"><ul><li>Include all codes defined in <a href=\"CodeSystem-BRTipoEstabelecimentoSaude.html\"><code>http://www.saude.gov.br/fhir/r4/CodeSystem/BRTipoEstabelecimentoSaude</code></a></li></ul></div>"},"url":"http://www.saude.gov.br/fhir/r4/ValueSet/BRTipoEstabelecimentoSaude-1.0","version":"0.2.0","name":"BRTipoEstabelecimentoSaude","title":"Tipo de Estabelecimento de Saúde","status":"active","experimental":false,"date":"2020-03-12T13:27:40.6996671+00:00","publisher":"Ministério da Saúde","contact":[{"telecom":[{"system":"url","value":"https://www.gov.br/saude/pt-br"}]}],"description":"ValueSet utilizado para classificar o tipo de estabelecimento de saúde.","jurisdiction":[{"coding":[{"system":"http://unstats.un.org/unsd/methods/m49/m49.htm","code":"001"}]}],"immutable":false,"compose":{"include":[{"system":"http://www.saude.gov.br/fhir/r4/CodeSystem/BRTipoEstabelecimentoSaude","version":"*"}]}}