{"resourceType":"ValueSet","id":"BRTipoDocumento-1.0","meta":{"lastUpdated":"2020-03-12T10:26:59.318-03:00"},"language":"pt","text":{"status":"generated","div":"<div xmlns=\"http://www.w3.org/1999/xhtml\" xml:lang=\"pt\" lang=\"pt\"><ul><li>Include all codes defined in <a href=\"CodeSystem-BRTipoDocumento.html\"><code>http://www.saude.gov.br/fhir/r4/CodeSystem/BRTipoDocumento</code></a></li></ul></div>"},"url":"http://www.saude.gov.br/fhir/r4/ValueSet/BRTipoDocumento-1.0","version":"0.2.0","name":"BRTipoDocumento","title":"Tipo de Dcoumento","status":"active","experimental":false,"date":"2020-03-12T13:26:58.6069366+00:00","publisher":"Ministério da Saúde","contact":[{"telecom":[{"system":"url","value":"https://www.gov.br/saude/pt-br"}]}],"description":"Classifica o tipo de documento que está sendo trafegado.","jurisdiction":[{"coding":[{"system":"http://unstats.un.org/unsd/methods/m49/m49.htm","code":"001"}]}],"immutable":false,"compose":{"include":[{"system":"http://www.saude.gov.br/fhir/r4/CodeSystem/BRTipoDocumento","version":"*"}]}}