{"resourceType":"ValueSet","id":"BRMunicipio-1.0","meta":{"lastUpdated":"2020-03-11T16:17:31.538-03:00"},"language":"pt-BR","text":{"status":"generated","div":"<div xmlns=\"http://www.w3.org/1999/xhtml\" xml:lang=\"pt-BR\" lang=\"pt-BR\"><ul><li>Include codes from <a href=\"CodeSystem-BRDivisaoGeograficaBrasil.html\"><code>http://www.saude.gov.br/fhir/r4/CodeSystem/BRDivisaoGeograficaBrasil</code></a> where type  =  city</li></ul></div>"},"url":"http://www.saude.gov.br/fhir/r4/ValueSet/BRMunicipio-1.0","version":"0.2.0","name":"BRMunicipio","title":"Município","status":"active","experimental":false,"date":"2020-03-11T19:17:52.0302375+00:00","publisher":"Ministério da Saúde","contact":[{"telecom":[{"system":"url","value":"https://www.gov.br/saude/pt-br"}]}],"description":"Municípios brasileiros, entes subnacionais.","jurisdiction":[{"coding":[{"system":"http://unstats.un.org/unsd/methods/m49/m49.htm","code":"001"}]}],"immutable":false,"compose":{"include":[{"system":"http://www.saude.gov.br/fhir/r4/CodeSystem/BRDivisaoGeograficaBrasil","version":"*","filter":[{"property":"type","op":"=","value":"city"}]}]}}