{
  "resourceType": "ValueSet",
  "id": "BRLocalAplicacao-1.0",
  "meta": {
    "lastUpdated": "2020-03-12T10:11:20.977-03:00"
  },
  "language": "pt",
  "text": {
    "status": "generated",
    "div": "<div xmlns=\"http://www.w3.org/1999/xhtml\" xml:lang=\"pt\" lang=\"pt\"><ul><li>Include all codes defined in <a href=\"CodeSystem-BRLocalAplicacao.html\"><code>http://www.saude.gov.br/fhir/r4/CodeSystem/BRLocalAplicacao</code></a></li></ul></div>"
  },
  "url": "http://www.saude.gov.br/fhir/r4/ValueSet/BRLocalAplicacao-1.0",
  "version": "0.2.0",
  "name": "BRLocalAplicacao",
  "title": "Local de Aplicação",
  "status": "active",
  "experimental": false,
  "date": "2020-03-12T13:11:19.8133038+00:00",
  "publisher": "Ministério da Saúde",
  "contact": [
    {
      "telecom": [
        {
          "system": "url",
          "value": "https://www.gov.br/saude/pt-br"
        }
      ]
    }
  ],
  "description": "Localização anatômica para aplicação de um injetável.",
  "jurisdiction": [
    {
      "coding": [
        {
          "system": "http://unstats.un.org/unsd/methods/m49/m49.htm",
          "code": "001"
        }
      ]
    }
  ],
  "immutable": false,
  "compose": {
    "include": [
      {
        "system": "http://www.saude.gov.br/fhir/r4/CodeSystem/BRLocalAplicacao",
        "version": "*"
      }
    ]
  }
}