{
  "resourceType": "ValueSet",
  "id": "BRFabricanteImunobiologico-1.0",
  "meta": {
    "lastUpdated": "2021-02-05T11:54:32.806-03:00"
  },
  "language": "pt",
  "text": {
    "status": "generated",
    "div": "<div xmlns=\"http://www.w3.org/1999/xhtml\" xml:lang=\"pt\" lang=\"pt\"><ul><li>Include all codes defined in <a href=\"CodeSystem-BRFabricantePNI.html\"><code>http://www.saude.gov.br/fhir/r4/CodeSystem/BRFabricantePNI</code></a></li></ul></div>"
  },
  "url": "http://www.saude.gov.br/fhir/r4/ValueSet/BRFabricanteImunobiologico-1.0",
  "version": "0.2.0",
  "name": "BRFabricanteImunobiologico",
  "title": "Fabricante do Imunobiológico",
  "status": "active",
  "experimental": false,
  "date": "2021-02-05T14:54:32.2909517+00:00",
  "publisher": "Ministério da Saúde",
  "contact": [
    {
      "telecom": [
        {
          "system": "url",
          "value": "https://www.gov.br/saude/pt-br"
        }
      ]
    }
  ],
  "description": "Fabricante do imunobiológico administrado",
  "jurisdiction": [
    {
      "coding": [
        {
          "system": "http://unstats.un.org/unsd/methods/m49/m49.htm",
          "code": "001"
        }
      ]
    }
  ],
  "immutable": false,
  "compose": {
    "include": [
      {
        "system": "http://www.saude.gov.br/fhir/r4/CodeSystem/BRFabricantePNI",
        "version": "*"
      }
    ]
  }
}